Account_ID,Account_Name,Industry,Account_Size,Country
1,Hernandez Ltd,Environmental,SMB,Kuwait
2,Smith-Pruitt,Diagnostics,Mid-Market,Puerto Rico
3,"Chambers, Anderson and Oliver",Pharma,Enterprise,South Africa
4,"Nguyen, Rodriguez and Roberts",Life Sciences,Mid-Market,Fiji
5,"Parker, Lambert and Lopez",Industrial,Mid-Market,South Africa
6,Rivas-Thomas,Pharma,SMB,Croatia
7,"Floyd, Barrett and Weaver",Pharma,Mid-Market,Pakistan
8,Davidson-Tucker,Environmental,Mid-Market,India
9,"Simmons, Morgan and Hall",Industrial,SMB,Bolivia
10,"Herrera, Nguyen and Frederick",Pharma,SMB,Ireland
11,Benton-Moore,Pharma,Mid-Market,Palau
12,Calhoun-Booth,Industrial,SMB,Algeria
13,Morris Group,Industrial,Mid-Market,Marshall Islands
14,"Patterson, Weaver and Schultz",Environmental,SMB,Sierra Leone
15,Mitchell LLC,Industrial,Mid-Market,Netherlands Antilles
16,"Edwards, Contreras and Gross",Life Sciences,Mid-Market,Oman
17,Sanchez-White,Environmental,Mid-Market,Brunei Darussalam
18,Vance LLC,Industrial,Mid-Market,Ireland
19,"French, Jackson and Myers",Environmental,Mid-Market,Lao People's Democratic Republic
20,Frye Ltd,Environmental,Enterprise,Uzbekistan
21,"Roth, Wallace and Henderson",Pharma,Mid-Market,Nigeria
22,Jackson PLC,Diagnostics,SMB,Panama
23,"Sampson, Stewart and Jones",Environmental,Mid-Market,Montenegro
24,Lara Ltd,Life Sciences,Mid-Market,Guinea-Bissau
25,"Grimes, Anderson and Green",Life Sciences,Mid-Market,Madagascar
26,Chavez Group,Industrial,Mid-Market,Kiribati
27,Kennedy-Richard,Diagnostics,Mid-Market,Nicaragua
28,Harris Ltd,Pharma,SMB,Estonia
29,"Ferguson, Hines and Greene",Life Sciences,Mid-Market,Indonesia
30,Wilson LLC,Diagnostics,Mid-Market,Gambia
31,Myers PLC,Pharma,Mid-Market,Saint Kitts and Nevis
32,Johnson Ltd,Life Sciences,Mid-Market,Denmark
33,Huynh Inc,Diagnostics,Mid-Market,Egypt
34,"Fernandez, Mccullough and Collins",Diagnostics,Mid-Market,Venezuela
35,"Johnson, Lee and Webster",Industrial,SMB,Iran
36,"Gomez, Perkins and Gilmore",Environmental,Enterprise,Cyprus
37,"Benson, Clark and Goodman",Pharma,Mid-Market,Ireland
38,Robertson-Robertson,Environmental,SMB,Saint Barthelemy
39,Parks and Sons,Life Sciences,SMB,Norfolk Island
40,"King, Washington and Sullivan",Environmental,Enterprise,Bulgaria
41,Anderson-Armstrong,Pharma,Enterprise,Micronesia
42,Washington-Greene,Industrial,SMB,Congo
43,"Erickson, Schneider and Berg",Environmental,SMB,Mauritania
44,"Jackson, Munoz and Rose",Environmental,SMB,Chile
45,"Kim, Allen and Johnson",Industrial,Mid-Market,Guinea-Bissau
46,"Davis, Brown and Cohen",Diagnostics,SMB,Qatar
47,"Lopez, Blackwell and Haynes",Environmental,SMB,Sao Tome and Principe
48,Anderson Ltd,Life Sciences,Mid-Market,Bulgaria
49,Terry-Nolan,Diagnostics,Mid-Market,Spain
50,Phillips PLC,Industrial,Mid-Market,Saint Pierre and Miquelon
51,Williams and Sons,Life Sciences,Enterprise,Micronesia
52,Wright Ltd,Life Sciences,Mid-Market,Paraguay
53,Johnson-Kelly,Industrial,Mid-Market,Lebanon
54,Marshall and Sons,Environmental,Mid-Market,Switzerland
55,"Owen, Atkins and Reid",Life Sciences,Enterprise,Belize
56,Leonard LLC,Environmental,Mid-Market,Rwanda
57,Pratt LLC,Life Sciences,SMB,Hungary
58,Chavez-Cochran,Environmental,SMB,Korea
59,Nguyen-Hamilton,Industrial,SMB,Mozambique
60,Young-Pearson,Industrial,SMB,British Indian Ocean Territory (Chagos Archipelago)
61,Cunningham-Davis,Life Sciences,Mid-Market,Hong Kong
62,Mckinney PLC,Pharma,SMB,Guyana
63,James-Olson,Diagnostics,Mid-Market,Comoros
64,"Williams, Haley and Lewis",Environmental,Mid-Market,Philippines
65,Murphy-Ellis,Life Sciences,SMB,Netherlands
66,Wright Inc,Industrial,Enterprise,Malawi
67,Simpson Inc,Pharma,Mid-Market,Cocos (Keeling) Islands
68,Green-Townsend,Environmental,Enterprise,Angola
69,"Smith, Diaz and Underwood",Life Sciences,SMB,Oman
70,"Brown, Johnson and Lee",Environmental,Mid-Market,British Virgin Islands
71,Erickson Ltd,Pharma,Mid-Market,United Arab Emirates
72,Kennedy LLC,Environmental,Mid-Market,Suriname
73,Garcia-Thompson,Pharma,Mid-Market,Venezuela
74,"Smith, Gates and Silva",Industrial,Mid-Market,Brunei Darussalam
75,Lozano and Sons,Life Sciences,SMB,Guernsey
76,Bradshaw-Miller,Pharma,Enterprise,Saudi Arabia
77,Salazar LLC,Industrial,Mid-Market,Montenegro
78,Copeland-Fox,Life Sciences,Enterprise,Kazakhstan
79,Smith-Allen,Industrial,Enterprise,Western Sahara
80,"Potts, Wall and Ellis",Pharma,SMB,Madagascar
81,"Williams, Ross and Davies",Environmental,Mid-Market,Nauru
82,Adams PLC,Pharma,SMB,Saint Barthelemy
83,"Martinez, Crane and Hall",Life Sciences,SMB,French Guiana
84,Sanchez-Jones,Environmental,Mid-Market,India
85,"Deleon, Floyd and Huber",Industrial,SMB,Saudi Arabia
86,"Sosa, Smith and Gilmore",Pharma,Mid-Market,Grenada
87,Arellano LLC,Life Sciences,Enterprise,American Samoa
88,Morris Inc,Diagnostics,Mid-Market,Latvia
89,"Jones, Cain and Johns",Diagnostics,Mid-Market,Austria
90,Green and Sons,Diagnostics,SMB,Antigua and Barbuda
91,"Hooper, Anderson and Payne",Diagnostics,SMB,Kazakhstan
92,Nguyen Group,Diagnostics,Mid-Market,Mauritania
93,Garcia-Marshall,Life Sciences,SMB,Tajikistan
94,"Green, Edwards and Zuniga",Life Sciences,SMB,Saint Lucia
95,Mccoy-Hughes,Pharma,SMB,Estonia
96,Esparza Ltd,Diagnostics,Mid-Market,Faroe Islands
97,"Brown, Bailey and Rangel",Life Sciences,SMB,Grenada
98,Scott and Sons,Industrial,SMB,Malaysia
99,Waller-Wilson,Life Sciences,Mid-Market,Gambia
100,Patton-Welch,Industrial,SMB,British Virgin Islands
101,Hamilton-Santiago,Industrial,SMB,United States Minor Outlying Islands
102,Nunez and Sons,Industrial,SMB,Zimbabwe
103,Fisher Group,Environmental,Mid-Market,Nepal
104,Henderson PLC,Pharma,Mid-Market,Thailand
105,Taylor PLC,Diagnostics,SMB,Pakistan
106,Murphy and Sons,Industrial,Enterprise,Antigua and Barbuda
107,Rivera-Hernandez,Environmental,Enterprise,Saint Lucia
108,"Lee, Turner and Davis",Life Sciences,Enterprise,Iceland
109,"Taylor, Rodriguez and Garcia",Industrial,SMB,Algeria
110,"Powell, Henderson and Brooks",Pharma,Mid-Market,Azerbaijan
111,Chapman-Murray,Pharma,Mid-Market,Azerbaijan
112,Jones-Duncan,Environmental,Enterprise,American Samoa
113,Montgomery LLC,Industrial,SMB,Falkland Islands (Malvinas)
114,"Shaffer, Dodson and Clark",Diagnostics,Enterprise,Uganda
115,Morgan Inc,Environmental,Mid-Market,Puerto Rico
116,"Martinez, Walker and Cruz",Environmental,SMB,Portugal
117,Morales LLC,Diagnostics,Mid-Market,Seychelles
118,"Tran, Winters and Nelson",Pharma,Enterprise,British Indian Ocean Territory (Chagos Archipelago)
119,Bridges-Smith,Life Sciences,Enterprise,Saint Vincent and the Grenadines
120,"Hammond, Mcmillan and Browning",Life Sciences,SMB,Argentina
121,Medina and Sons,Life Sciences,Enterprise,South Georgia and the South Sandwich Islands
122,Green LLC,Life Sciences,Mid-Market,French Guiana
123,Perry-Blake,Pharma,SMB,France
124,"Best, Woods and Davis",Pharma,SMB,Liberia
125,"Marshall, Cooper and Robinson",Pharma,SMB,French Guiana
126,"Jones, Waters and Wolf",Environmental,SMB,Sri Lanka
127,Bradshaw-Adams,Environmental,Mid-Market,Tanzania
128,Sims-Nguyen,Life Sciences,SMB,Colombia
129,Hunt Inc,Industrial,Mid-Market,Czech Republic
130,Coleman LLC,Life Sciences,Enterprise,Bangladesh
131,Hunter and Sons,Industrial,Mid-Market,Guyana
132,Williamson Ltd,Diagnostics,Enterprise,United Kingdom
133,"Garcia, Rivera and Kelly",Pharma,SMB,Lebanon
134,Flores-Baxter,Life Sciences,Mid-Market,Japan
135,"Torres, Howard and Joyce",Pharma,Mid-Market,Djibouti
136,"Byrd, Kaiser and Fernandez",Diagnostics,Mid-Market,Turkmenistan
137,Stafford-Allen,Industrial,SMB,Iceland
138,"Francis, Mcdowell and Nash",Diagnostics,Enterprise,Western Sahara
139,Chavez-Miller,Diagnostics,SMB,Iran
140,Brown Group,Pharma,Mid-Market,United States Virgin Islands
141,Singh-Dean,Diagnostics,SMB,Italy
142,Boyd-Hart,Environmental,Enterprise,Palestinian Territory
143,Patton-Jordan,Industrial,SMB,Myanmar
144,Mcgee-Mitchell,Industrial,Mid-Market,Cambodia
145,Edwards-Garcia,Pharma,Enterprise,New Zealand
146,Sims-Tucker,Pharma,Mid-Market,Slovakia (Slovak Republic)
147,"Schneider, Zhang and Sims",Life Sciences,SMB,Netherlands
148,Gallagher-Bryant,Diagnostics,SMB,Christmas Island
149,Rich-Johnson,Pharma,Mid-Market,Bouvet Island (Bouvetoya)
150,"Simpson, Elliott and Rosario",Diagnostics,Enterprise,Lebanon
151,"Garza, King and Roy",Diagnostics,Enterprise,Dominican Republic
152,Gonzalez-Peterson,Life Sciences,SMB,Maldives
153,"Moore, Allen and Walker",Pharma,SMB,Sri Lanka
154,Warren-Vincent,Diagnostics,SMB,Vietnam
155,"Lloyd, Stephens and Bradshaw",Environmental,Mid-Market,Croatia
156,"White, Cantrell and Rodgers",Industrial,Mid-Market,Aruba
157,Mcfarland-Clark,Diagnostics,SMB,Venezuela
158,Trevino-Cross,Pharma,SMB,Jordan
159,"Butler, Frey and Barr",Life Sciences,Enterprise,French Southern Territories
160,Lawrence LLC,Life Sciences,SMB,Honduras
161,Jacobson-Crawford,Pharma,Mid-Market,United States Minor Outlying Islands
162,"George, Hooper and Cain",Environmental,SMB,Antarctica (the territory South of 60 deg S)
163,Stephenson and Sons,Industrial,SMB,South Georgia and the South Sandwich Islands
164,Rodriguez-Sullivan,Pharma,Mid-Market,Mayotte
165,"Ramos, Johnston and Ross",Pharma,Mid-Market,British Indian Ocean Territory (Chagos Archipelago)
166,"Schroeder, Fitzgerald and Wilson",Environmental,SMB,Netherlands
167,Knight Inc,Life Sciences,Enterprise,Serbia
168,"Cruz, Perkins and Meadows",Industrial,Mid-Market,Greece
169,Moore-Holloway,Pharma,SMB,British Virgin Islands
170,Collier Ltd,Life Sciences,SMB,Australia
171,Smith-Fernandez,Pharma,Enterprise,Iran
172,Phillips-Lopez,Industrial,SMB,Mexico
173,"Bell, Williams and Tran",Industrial,Mid-Market,Colombia
174,"Meyer, Pitts and Salinas",Industrial,SMB,Spain
175,Brady-Knight,Pharma,Mid-Market,Ukraine
176,"Armstrong, Harris and Jones",Industrial,Enterprise,Sri Lanka
177,"Schroeder, Gonzalez and Miller",Environmental,Mid-Market,Kenya
178,White-Armstrong,Pharma,Mid-Market,Korea
179,"Diaz, Johnson and Mills",Life Sciences,SMB,Netherlands Antilles
180,Scott-Villa,Pharma,Enterprise,Hungary
181,Fritz Ltd,Diagnostics,Mid-Market,Gabon
182,"Lee, Stone and Garcia",Pharma,Mid-Market,Saint Barthelemy
183,Dominguez and Sons,Diagnostics,Mid-Market,Palestinian Territory
184,Aguilar-Kelly,Life Sciences,SMB,Hungary
185,Edwards-Shields,Industrial,SMB,Madagascar
186,Figueroa-Kane,Pharma,SMB,Marshall Islands
187,"Stone, Ellison and Thomas",Life Sciences,Mid-Market,Algeria
188,"Gilbert, Wilson and Garcia",Diagnostics,SMB,South Africa
189,Watkins-Fuller,Pharma,Enterprise,Malta
190,Sanders Ltd,Environmental,Enterprise,Tanzania
191,Padilla and Sons,Pharma,Mid-Market,Lithuania
192,"Aguirre, Watson and Barnett",Industrial,Mid-Market,Colombia
193,Thomas-Vazquez,Life Sciences,Mid-Market,Guatemala
194,"Sanchez, Huff and Herman",Industrial,Mid-Market,Pitcairn Islands
195,Mccarthy-Baker,Environmental,Mid-Market,Bhutan
196,Miller PLC,Environmental,SMB,Malaysia
197,"Santiago, Shelton and Bowen",Environmental,Mid-Market,Solomon Islands
198,Henderson-Mitchell,Environmental,Enterprise,Lesotho
199,"Martinez, Garcia and Gray",Diagnostics,Mid-Market,Reunion
200,Thompson Ltd,Diagnostics,Mid-Market,Turkey
201,Diaz and Sons,Pharma,SMB,Lebanon
202,Reynolds Inc,Life Sciences,SMB,Finland
203,Jones-Bell,Industrial,SMB,Cote d'Ivoire
204,Peters-Johnson,Industrial,SMB,Iraq
205,Moran-Scott,Life Sciences,Mid-Market,Tunisia
206,Mclaughlin and Sons,Diagnostics,Mid-Market,Cameroon
207,"Fernandez, Mcdonald and Adams",Pharma,Enterprise,Nauru
208,"Jones, Berry and Rodriguez",Pharma,Enterprise,Guinea-Bissau
209,"Williams, Austin and Kent",Pharma,Enterprise,Switzerland
210,Green-Mcclure,Pharma,SMB,Uzbekistan
211,Lewis-Lester,Environmental,Mid-Market,Trinidad and Tobago
212,Grimes-Byrd,Diagnostics,SMB,Cape Verde
213,Mendez-Nelson,Life Sciences,Enterprise,Guernsey
214,Moss-Dean,Life Sciences,SMB,Mexico
215,Pennington-Knox,Environmental,SMB,Bosnia and Herzegovina
216,"Boyer, Turner and Choi",Life Sciences,SMB,Swaziland
217,"Munoz, Taylor and Rush",Diagnostics,SMB,Iran
218,Hebert Group,Industrial,SMB,Luxembourg
219,Pace and Sons,Pharma,Enterprise,Senegal
220,Walker LLC,Industrial,Mid-Market,Togo
221,Miranda-Bridges,Diagnostics,SMB,Togo
222,Estes-Powell,Industrial,Mid-Market,Mozambique
223,Duncan PLC,Life Sciences,Enterprise,Antigua and Barbuda
224,Smith-Turner,Environmental,Mid-Market,Guam
225,Mcintosh-Hunt,Life Sciences,SMB,Ethiopia
226,"Floyd, Martinez and Miller",Pharma,Mid-Market,El Salvador
227,Davenport LLC,Industrial,SMB,Myanmar
228,Mccoy-Sullivan,Pharma,Mid-Market,Spain
229,Brooks Ltd,Pharma,SMB,Ukraine
230,"Anderson, Mcdaniel and Clark",Environmental,SMB,Sudan
231,"Rodriguez, Hale and Reynolds",Life Sciences,SMB,New Caledonia
232,Cordova-Simpson,Diagnostics,Mid-Market,Marshall Islands
233,"Olson, Lucas and Jones",Pharma,Mid-Market,Botswana
234,Sellers Group,Life Sciences,Enterprise,Nigeria
235,Clark Ltd,Diagnostics,SMB,Timor-Leste
236,Jones Ltd,Life Sciences,SMB,Liechtenstein
237,Le-Edwards,Diagnostics,Mid-Market,Eritrea
238,Clark-Steele,Environmental,Mid-Market,Mauritius
239,"King, Kirby and Brooks",Pharma,SMB,Somalia
240,Robinson PLC,Life Sciences,Enterprise,Canada
241,Hobbs and Sons,Life Sciences,Mid-Market,Cameroon
242,Martinez and Sons,Industrial,Enterprise,Iraq
243,Pena-Mcconnell,Pharma,SMB,Saudi Arabia
244,"Pham, Mack and Holt",Pharma,SMB,Sweden
245,"Mitchell, Lucas and Patel",Pharma,Mid-Market,Guinea
246,Reese and Sons,Diagnostics,SMB,Tokelau
247,"Morton, Cox and Spencer",Pharma,Mid-Market,Mauritania
248,Nelson Group,Life Sciences,Mid-Market,Serbia
249,"Wilson, Fletcher and Johnson",Pharma,SMB,Denmark
250,Cisneros-Ward,Life Sciences,Mid-Market,Montenegro
251,Moore Ltd,Diagnostics,SMB,Equatorial Guinea
252,"Brooks, Klein and Clark",Diagnostics,Mid-Market,Kenya
253,"Tran, Hill and Shaw",Environmental,Mid-Market,Colombia
254,"Flowers, Macias and Miller",Industrial,Mid-Market,Marshall Islands
255,Cook-Greer,Industrial,SMB,Lesotho
256,Williams Ltd,Environmental,Mid-Market,Philippines
257,Gill and Sons,Pharma,Mid-Market,Pitcairn Islands
258,"Williams, Brown and Hart",Diagnostics,SMB,Saudi Arabia
259,Adams-Hale,Industrial,SMB,Saint Pierre and Miquelon
260,"Briggs, Gonzales and Hudson",Diagnostics,SMB,Myanmar
261,Peterson-Henderson,Environmental,Mid-Market,Kazakhstan
262,Smith LLC,Diagnostics,Enterprise,Mauritania
263,"Hester, Allen and Young",Life Sciences,Mid-Market,Monaco
264,"Farrell, Price and Clark",Industrial,SMB,Cook Islands
265,Haynes Inc,Diagnostics,Mid-Market,Saint Pierre and Miquelon
266,Mendez and Sons,Pharma,SMB,Turkey
267,"Mccoy, Delacruz and Williams",Diagnostics,SMB,Albania
268,Gallagher LLC,Diagnostics,SMB,Austria
269,Terry-Gomez,Industrial,SMB,United Arab Emirates
270,Bartlett-Newton,Diagnostics,Mid-Market,Palestinian Territory
271,Thompson Inc,Diagnostics,SMB,Argentina
272,Kelly Group,Environmental,Mid-Market,French Guiana
273,Gonzalez Ltd,Environmental,Mid-Market,Puerto Rico
274,Salas Ltd,Life Sciences,Enterprise,Bahamas
275,Delgado and Sons,Environmental,Mid-Market,Uganda
276,Herrera-Hawkins,Industrial,Enterprise,Iraq
277,"Huff, Davidson and Lewis",Life Sciences,Enterprise,Colombia
278,"Smith, Johns and Macias",Environmental,SMB,Tanzania
279,"Martin, Brown and Wood",Diagnostics,Mid-Market,Zimbabwe
280,"Russo, Craig and Torres",Environmental,SMB,Bulgaria
281,Austin-Ortiz,Pharma,Enterprise,Morocco
282,"Newman, Hatfield and Pierce",Diagnostics,Mid-Market,Singapore
283,Larson-Tran,Pharma,Enterprise,Iraq
284,Contreras-Lucas,Pharma,Mid-Market,Montserrat
285,Levy and Sons,Diagnostics,Mid-Market,Reunion
286,"Russell, Mahoney and Simpson",Life Sciences,SMB,Anguilla
287,"Rojas, Bryant and Pace",Pharma,Mid-Market,Maldives
288,Ramos Inc,Diagnostics,Mid-Market,Micronesia
289,Espinoza-Hall,Life Sciences,SMB,Belarus
290,Nelson Ltd,Environmental,SMB,British Virgin Islands
291,Mcgee Inc,Pharma,SMB,Sierra Leone
292,Clark-Griffin,Industrial,Enterprise,Faroe Islands
293,Young Group,Life Sciences,SMB,Canada
294,Lee-Berry,Industrial,Mid-Market,Peru
295,Dunn LLC,Diagnostics,Mid-Market,American Samoa
296,Fields-Gonzalez,Diagnostics,SMB,Saint Martin
297,Mitchell Group,Environmental,SMB,Zimbabwe
298,Patterson Inc,Environmental,Mid-Market,Tuvalu
299,Barrett Group,Environmental,SMB,Malaysia
300,"Martinez, Smith and Castillo",Pharma,Mid-Market,Ukraine
301,Cantu Group,Environmental,SMB,El Salvador
302,Harvey-Perry,Life Sciences,Mid-Market,Heard Island and McDonald Islands
303,Valdez LLC,Industrial,SMB,Slovakia (Slovak Republic)
304,Joseph and Sons,Life Sciences,Enterprise,Malaysia
305,Huang-Walters,Diagnostics,SMB,Czech Republic
306,Crawford LLC,Life Sciences,Mid-Market,Mayotte
307,Sandoval LLC,Industrial,SMB,Latvia
308,"Pearson, Travis and Rodriguez",Diagnostics,Mid-Market,Marshall Islands
309,"Williamson, Suarez and Hendricks",Pharma,SMB,Mozambique
310,Williams Inc,Industrial,Mid-Market,Zambia
311,Oconnell-Ross,Diagnostics,Mid-Market,France
312,"Trujillo, Mcclain and Parker",Life Sciences,Mid-Market,Bulgaria
313,"Cole, Shaw and Morton",Diagnostics,Mid-Market,Anguilla
314,Powell Inc,Industrial,Mid-Market,Algeria
315,"Dorsey, Peck and Reed",Diagnostics,SMB,Svalbard & Jan Mayen Islands
316,Johnson-Watson,Environmental,Mid-Market,Italy
317,Munoz Inc,Pharma,SMB,Mauritania
318,Holt Ltd,Pharma,SMB,Guyana
319,"Robles, Lawrence and Carroll",Industrial,Enterprise,Vanuatu
320,"Reeves, Washington and Burnett",Life Sciences,SMB,Italy
321,Alvarado-Strickland,Environmental,Enterprise,Senegal
322,Gordon PLC,Pharma,Enterprise,Mozambique
323,"Reeves, Thomas and Lopez",Diagnostics,SMB,Faroe Islands
324,"Williams, Martinez and Anderson",Environmental,Mid-Market,Ireland
325,Young-Thompson,Life Sciences,SMB,Timor-Leste
326,Nichols-Burgess,Environmental,Mid-Market,Reunion
327,Cox-Crawford,Diagnostics,SMB,Iraq
328,"Cohen, Brown and Taylor",Diagnostics,Mid-Market,Latvia
329,"Harris, Brown and Gonzalez",Industrial,Mid-Market,Holy See (Vatican City State)
330,Lester LLC,Diagnostics,Mid-Market,Albania
331,Knapp-Bennett,Environmental,Mid-Market,Bermuda
332,Villa-Marks,Industrial,Enterprise,Montenegro
333,Thomas-Davis,Life Sciences,Mid-Market,Kiribati
334,Simpson Ltd,Pharma,SMB,Anguilla
335,Figueroa-Hartman,Industrial,Mid-Market,China
336,Cohen and Sons,Environmental,Mid-Market,Colombia
337,Levine LLC,Diagnostics,Enterprise,Malaysia
338,Morris-Diaz,Pharma,Mid-Market,Dominican Republic
339,Lowe-Davis,Industrial,Enterprise,Japan
340,Harris-Potter,Diagnostics,Mid-Market,Botswana
341,Nichols-Hall,Pharma,Enterprise,Cyprus
342,"Sanders, Schmidt and Bennett",Life Sciences,Enterprise,Iraq
343,"Harris, Knight and Johnson",Environmental,Mid-Market,United States Virgin Islands
344,Rodriguez Ltd,Life Sciences,Mid-Market,Turkmenistan
345,Simpson-Davis,Industrial,SMB,Niger
346,Stephens-Walker,Pharma,SMB,Spain
347,Grimes and Sons,Life Sciences,SMB,Puerto Rico
348,Grant-Hampton,Environmental,Mid-Market,Libyan Arab Jamahiriya
349,"Cooper, Lee and Ruiz",Industrial,Enterprise,Armenia
350,Bryant PLC,Environmental,SMB,Egypt
351,Stewart and Sons,Industrial,SMB,Sri Lanka
352,Hayes-Holmes,Pharma,Enterprise,Algeria
353,Mcgrath-Ferrell,Environmental,Enterprise,Uruguay
354,"Ellis, Davis and Duncan",Diagnostics,SMB,Madagascar
355,"Alvarez, Aguilar and Griffin",Life Sciences,SMB,Egypt
356,"Fletcher, Bush and Henson",Life Sciences,SMB,Tanzania
357,Madden-Oliver,Environmental,SMB,Holy See (Vatican City State)
358,"Jackson, Fisher and Edwards",Life Sciences,SMB,Anguilla
359,Sims-Hale,Life Sciences,SMB,Iceland
360,"Henderson, Terry and Hicks",Life Sciences,Mid-Market,Montserrat
361,"Vasquez, Murray and Carter",Diagnostics,Mid-Market,Cuba
362,Wilson Group,Environmental,Mid-Market,Guadeloupe
363,Willis Inc,Environmental,Mid-Market,Timor-Leste
364,Silva Inc,Diagnostics,SMB,Saint Lucia
365,"Davis, Cobb and Jordan",Pharma,Enterprise,Serbia
366,Gordon-Diaz,Environmental,Mid-Market,Fiji
367,"Martinez, Cruz and Hayes",Life Sciences,SMB,Italy
368,Petersen Ltd,Pharma,Mid-Market,Sweden
369,Mcdowell Inc,Life Sciences,SMB,Belize
370,Stephens Ltd,Diagnostics,Enterprise,Guernsey
371,Maldonado-Adams,Environmental,SMB,South Georgia and the South Sandwich Islands
372,Kelly-Robles,Pharma,SMB,Romania
373,"Larson, George and Baird",Industrial,Enterprise,Malta
374,"Dickerson, Schwartz and Fletcher",Industrial,Mid-Market,Eritrea
375,Morrow PLC,Pharma,Mid-Market,Guadeloupe
376,Taylor LLC,Pharma,Mid-Market,Afghanistan
377,"Craig, Martin and Lowe",Industrial,Mid-Market,Liberia
378,Marshall-Ramos,Environmental,SMB,Montenegro
379,Robinson Group,Environmental,SMB,Japan
380,Collins Ltd,Diagnostics,Mid-Market,Germany
381,Anderson LLC,Pharma,Mid-Market,Gambia
382,"Brooks, Rose and Reese",Diagnostics,SMB,Serbia
383,"Duncan, Edwards and Ho",Diagnostics,Mid-Market,Austria
384,Buchanan Ltd,Industrial,SMB,Mongolia
385,Nguyen Ltd,Diagnostics,SMB,Portugal
386,"Johnson, Booth and Carlson",Industrial,SMB,Croatia
387,Reid PLC,Industrial,Mid-Market,Faroe Islands
388,Warner-Curry,Industrial,Mid-Market,Nauru
389,Young-Knight,Pharma,SMB,Dominican Republic
390,"Jackson, Stark and Gomez",Diagnostics,SMB,Wallis and Futuna
391,"Oconnor, Weiss and Harris",Diagnostics,SMB,New Zealand
392,Stafford-Mcmillan,Environmental,Enterprise,Belarus
393,Moore-Robertson,Life Sciences,SMB,United States Virgin Islands
394,Stout-Williams,Life Sciences,SMB,United States Minor Outlying Islands
395,Bradshaw-Smith,Pharma,Enterprise,Antarctica (the territory South of 60 deg S)
396,Patel-Doyle,Industrial,Enterprise,Armenia
397,"Wolf, Martinez and Rodriguez",Life Sciences,Enterprise,Sao Tome and Principe
398,Ramirez-Castillo,Environmental,Mid-Market,Guinea
399,"Oconnor, Walker and Blake",Pharma,Mid-Market,Andorra
400,"Jones, Lutz and Stokes",Pharma,Mid-Market,Armenia
401,Peterson-Meyer,Industrial,Mid-Market,Sao Tome and Principe
402,Washington-Francis,Diagnostics,SMB,Serbia
403,Anderson PLC,Industrial,Mid-Market,Malta
404,"Roberts, Leonard and Perez",Environmental,Mid-Market,Central African Republic
405,Kelly Inc,Diagnostics,SMB,Cocos (Keeling) Islands
406,"Norton, Sharp and Nguyen",Environmental,Mid-Market,Lesotho
407,"Lewis, Jackson and Simmons",Environmental,Mid-Market,Timor-Leste
408,"George, Young and Smith",Environmental,Enterprise,Paraguay
409,Donovan-Williams,Life Sciences,Enterprise,Slovenia
410,Caldwell PLC,Pharma,Mid-Market,Solomon Islands
411,Meadows-Rodriguez,Life Sciences,SMB,Sudan
412,Lane-Gomez,Environmental,SMB,Sweden
413,Anderson-Koch,Industrial,SMB,Armenia
414,Carter and Sons,Life Sciences,Mid-Market,Nauru
415,Hinton LLC,Industrial,Enterprise,Bahamas
416,Ball Group,Industrial,Mid-Market,Tajikistan
417,Burns-Gray,Industrial,Mid-Market,Mauritania
418,Dunn-Montes,Life Sciences,Mid-Market,Saint Vincent and the Grenadines
419,Koch-Davis,Pharma,Mid-Market,Mongolia
420,"Green, Foster and Strong",Environmental,Mid-Market,Bahrain
421,"Reid, Maxwell and Harris",Environmental,Mid-Market,Greenland
422,Davis Ltd,Pharma,Mid-Market,Bermuda
423,"Ibarra, Logan and Schneider",Pharma,SMB,British Virgin Islands
424,Adams Inc,Environmental,Mid-Market,Sri Lanka
425,"Mueller, Escobar and Clay",Environmental,Enterprise,British Virgin Islands
426,Bird-Wright,Diagnostics,Mid-Market,Norway
427,Johnson Ltd,Life Sciences,Mid-Market,Namibia
428,Hickman-Wall,Environmental,Mid-Market,Brunei Darussalam
429,Green-Gregory,Life Sciences,Enterprise,American Samoa
430,Trevino-Krause,Environmental,Mid-Market,Croatia
431,Medina Inc,Diagnostics,Mid-Market,Colombia
432,Jones-Murphy,Diagnostics,SMB,Guatemala
433,Mason LLC,Industrial,Mid-Market,Switzerland
434,"Travis, Shaw and Walker",Pharma,SMB,Liechtenstein
435,Barnes-Rogers,Life Sciences,Mid-Market,Luxembourg
436,Russell Group,Environmental,Mid-Market,Colombia
437,"Alvarado, Coleman and Davis",Life Sciences,Mid-Market,Burundi
438,"Yoder, Martinez and Grimes",Environmental,SMB,Saint Vincent and the Grenadines
439,Wilson LLC,Industrial,SMB,Chile
440,Smith-Black,Diagnostics,Mid-Market,Monaco
441,Montgomery-Owens,Environmental,SMB,Oman
442,Phillips Inc,Industrial,SMB,El Salvador
443,"Potter, Patel and Best",Pharma,SMB,Ethiopia
444,Huynh Inc,Diagnostics,Mid-Market,Netherlands Antilles
445,"Phillips, Castro and Bailey",Life Sciences,Enterprise,Vanuatu
446,"Bass, Parker and Burns",Environmental,Mid-Market,Benin
447,"Perez, Lee and Smith",Environmental,Enterprise,Palau
448,Perez-Allen,Industrial,Mid-Market,Djibouti
449,"Stewart, Villanueva and Lopez",Life Sciences,SMB,Taiwan
450,Holland-Pham,Industrial,SMB,Switzerland
451,Cardenas-Mccormick,Diagnostics,Mid-Market,Reunion
452,Velasquez Ltd,Industrial,Mid-Market,Senegal
453,Lewis PLC,Pharma,SMB,Cambodia
454,Johnson PLC,Life Sciences,Mid-Market,Vietnam
455,"Ramirez, Choi and Beck",Industrial,Mid-Market,Mauritania
456,Vasquez PLC,Diagnostics,Mid-Market,Greece
457,Martinez Group,Life Sciences,SMB,Denmark
458,Dennis-Johnson,Environmental,SMB,Cape Verde
459,Goodwin PLC,Life Sciences,SMB,Tonga
460,"Perez, Garcia and Bean",Life Sciences,Mid-Market,Belize
461,Davis-Miller,Diagnostics,Mid-Market,Equatorial Guinea
462,Payne Group,Life Sciences,SMB,Saint Barthelemy
463,Stewart Group,Environmental,Enterprise,United States Virgin Islands
464,Smith-Smith,Diagnostics,Mid-Market,Spain
465,"Cummings, Cruz and Maddox",Pharma,Mid-Market,Zambia
466,Reed-Jordan,Pharma,SMB,Guadeloupe
467,Holloway-Mccoy,Diagnostics,Enterprise,Saint Martin
468,Ellis-Lee,Diagnostics,Mid-Market,Cocos (Keeling) Islands
469,Smith PLC,Diagnostics,Mid-Market,Western Sahara
470,Sawyer PLC,Life Sciences,Mid-Market,Gambia
471,"Golden, French and Walsh",Industrial,Mid-Market,Saint Pierre and Miquelon
472,Rojas LLC,Diagnostics,Mid-Market,Algeria
473,Woods LLC,Environmental,Enterprise,Turkey
474,Nelson-Marks,Environmental,SMB,French Guiana
475,"Lee, Moore and White",Industrial,Mid-Market,Spain
476,Frederick-Stone,Pharma,SMB,Serbia
477,Wilson Inc,Pharma,Enterprise,Haiti
478,"Daniels, House and Kim",Pharma,SMB,Kenya
479,Lynch and Sons,Diagnostics,Mid-Market,Niue
480,Huber and Sons,Diagnostics,Mid-Market,Isle of Man
481,Thompson-Scott,Environmental,Enterprise,Japan
482,Burnett-Fernandez,Pharma,Enterprise,Iraq
483,White-Moore,Diagnostics,SMB,Italy
484,Morris and Sons,Environmental,Enterprise,Maldives
485,"Moore, Stevenson and Maxwell",Industrial,Mid-Market,Cuba
486,Miller Group,Environmental,SMB,Syrian Arab Republic
487,"Smith, Miller and Johnson",Pharma,SMB,Mali
488,Kent-Johnson,Diagnostics,Mid-Market,Guam
489,Zuniga LLC,Industrial,Enterprise,Greenland
490,"Lloyd, Garcia and Adams",Industrial,Enterprise,Micronesia
491,Harris LLC,Environmental,Enterprise,Senegal
492,"Mcintyre, Scott and Gallagher",Diagnostics,Mid-Market,Guinea
493,Perkins and Sons,Diagnostics,SMB,Mauritania
494,Garcia-Smith,Life Sciences,Enterprise,Venezuela
495,Andrews-Scott,Life Sciences,Mid-Market,Belgium
496,Mann-Shannon,Environmental,Mid-Market,British Virgin Islands
497,"Edwards, Johnson and Daniel",Life Sciences,Mid-Market,Saint Vincent and the Grenadines
498,"Porter, Gray and Salinas",Environmental,Mid-Market,Dominica
499,"Fuentes, Torres and Robinson",Industrial,Enterprise,Timor-Leste
500,Chapman Inc,Diagnostics,SMB,Afghanistan
501,Nguyen Inc,Pharma,Enterprise,Afghanistan
502,"Calhoun, Baker and Bennett",Environmental,Enterprise,Malaysia
503,Martinez Group,Life Sciences,SMB,South Georgia and the South Sandwich Islands
504,"Walker, Greene and Melton",Life Sciences,SMB,Switzerland
505,"Smith, Allen and Davis",Environmental,Enterprise,Madagascar
506,Ramirez Inc,Pharma,SMB,Turkey
507,Gardner Group,Pharma,SMB,Suriname
508,Lynch-Roberts,Life Sciences,SMB,Bouvet Island (Bouvetoya)
509,Duncan-Murphy,Industrial,SMB,Suriname
510,Carter-Lopez,Diagnostics,Mid-Market,British Virgin Islands
511,"Chase, Johnson and Schneider",Diagnostics,Enterprise,Guam
512,"Conner, Burton and Richardson",Diagnostics,Enterprise,Suriname
513,Bird LLC,Life Sciences,Mid-Market,Honduras
514,Massey LLC,Pharma,Enterprise,Belize
515,Perkins PLC,Pharma,Mid-Market,Yemen
516,Rollins and Sons,Environmental,SMB,Cameroon
517,Harris LLC,Diagnostics,SMB,Netherlands Antilles
518,"Carter, Le and Davenport",Pharma,Mid-Market,Egypt
519,"Sherman, Townsend and Jones",Industrial,Mid-Market,Central African Republic
520,"Bullock, Stewart and Rowland",Diagnostics,SMB,Georgia
521,Morales LLC,Life Sciences,Mid-Market,Greenland
522,Allen-Pearson,Environmental,SMB,Seychelles
523,Davis and Sons,Pharma,Mid-Market,Brunei Darussalam
524,Johnson PLC,Pharma,Enterprise,Anguilla
525,Pham-Hernandez,Diagnostics,Mid-Market,India
526,"Valenzuela, Sullivan and Bell",Industrial,SMB,Myanmar
527,Marshall Group,Life Sciences,Mid-Market,Rwanda
528,Gonzalez LLC,Life Sciences,Mid-Market,Algeria
529,"Tran, Taylor and Peck",Life Sciences,SMB,India
530,"James, Thompson and Hancock",Diagnostics,SMB,United States Virgin Islands
531,Parks LLC,Diagnostics,SMB,Saint Pierre and Miquelon
532,Martinez Group,Diagnostics,Enterprise,Mayotte
533,Brown Ltd,Environmental,SMB,Guinea
534,Allen-Taylor,Pharma,SMB,Guyana
535,Thomas-Camacho,Environmental,Mid-Market,Antarctica (the territory South of 60 deg S)
536,Hernandez LLC,Industrial,Enterprise,Uganda
537,Hansen Ltd,Life Sciences,Enterprise,Paraguay
538,Frye Group,Pharma,Mid-Market,Israel
539,Chang-Davis,Industrial,Mid-Market,United States Minor Outlying Islands
540,Kaufman-Harding,Diagnostics,SMB,Finland
541,Thompson LLC,Industrial,Enterprise,Venezuela
542,Murray Group,Life Sciences,SMB,New Zealand
543,"Sanders, Lopez and Johnson",Diagnostics,Enterprise,Mongolia
544,Hobbs-Gonzalez,Pharma,Mid-Market,Finland
545,Jones Group,Life Sciences,Enterprise,Vietnam
546,Baird LLC,Life Sciences,SMB,Sri Lanka
547,Myers Inc,Life Sciences,Enterprise,Anguilla
548,Smith-Wolfe,Industrial,SMB,Cocos (Keeling) Islands
549,Lucas-Howard,Pharma,SMB,Nepal
550,Mclaughlin and Sons,Environmental,SMB,Macao
551,"Robles, Cox and Wagner",Environmental,Mid-Market,Zambia
552,Murphy Ltd,Diagnostics,SMB,Maldives
553,"Hernandez, Brown and Perkins",Industrial,Enterprise,Hungary
554,"Wagner, Cooper and Patel",Industrial,Enterprise,Swaziland
555,Johnson-Thomas,Pharma,SMB,Mongolia
556,"Arroyo, Higgins and Perez",Diagnostics,SMB,Cyprus
557,Martinez-Joseph,Life Sciences,Enterprise,Martinique
558,"Lynn, Burgess and Martinez",Life Sciences,Mid-Market,Denmark
559,Davis-Porter,Pharma,SMB,Israel
560,White and Sons,Life Sciences,Enterprise,New Zealand
561,Short LLC,Industrial,Mid-Market,Mozambique
562,Vega Group,Pharma,SMB,Bosnia and Herzegovina
563,"Collier, Reed and Yates",Environmental,Mid-Market,Ukraine
564,Cohen-Choi,Life Sciences,SMB,Guinea-Bissau
565,"Reese, Duffy and Jimenez",Environmental,Enterprise,Ukraine
566,"Brown, Melton and Jones",Pharma,Mid-Market,Congo
567,"Contreras, Gonzalez and Frederick",Life Sciences,Mid-Market,Angola
568,"Brown, Mendez and Smith",Pharma,SMB,Czech Republic
569,"Hall, Mahoney and Alvarez",Life Sciences,Enterprise,Qatar
570,Carter and Sons,Environmental,Mid-Market,Malta
571,"Boone, Cole and Jimenez",Life Sciences,Enterprise,Botswana
572,Martin PLC,Diagnostics,Enterprise,Norfolk Island
573,Moore-Berger,Life Sciences,SMB,Mayotte
574,Montgomery and Sons,Life Sciences,Mid-Market,New Caledonia
575,Perez-Perez,Environmental,Mid-Market,Mali
576,"Riley, Tran and Winters",Industrial,Mid-Market,Cuba
577,Richardson-Franklin,Environmental,Mid-Market,Tuvalu
578,Bonilla and Sons,Diagnostics,SMB,India
579,Rodriguez-Andrade,Pharma,Mid-Market,Saint Barthelemy
580,Fernandez LLC,Pharma,Mid-Market,Bouvet Island (Bouvetoya)
581,Cook-Moore,Pharma,SMB,Poland
582,Shepherd-Rivera,Pharma,SMB,Iceland
583,"Wood, Armstrong and Martin",Pharma,Mid-Market,Mexico
584,Mercado-Coleman,Environmental,SMB,Venezuela
585,"Jones, Johnson and Sandoval",Diagnostics,Mid-Market,Saint Lucia
586,Estrada-Duke,Pharma,Mid-Market,Cyprus
587,Gomez Inc,Environmental,Mid-Market,Falkland Islands (Malvinas)
588,Hartman-Collins,Industrial,SMB,Norfolk Island
589,Rasmussen Group,Environmental,SMB,Equatorial Guinea
590,Roberts-Jennings,Pharma,Enterprise,Jordan
591,Caldwell and Sons,Life Sciences,SMB,Slovenia
592,Lozano-King,Industrial,SMB,Turks and Caicos Islands
593,Brown-Carlson,Industrial,SMB,Cayman Islands
594,Miller-Byrd,Environmental,Enterprise,Tonga
595,Rios-Taylor,Life Sciences,SMB,Barbados
596,Rodriguez-Fitzpatrick,Diagnostics,Enterprise,Papua New Guinea
597,Bowen-Shah,Environmental,Enterprise,Saint Pierre and Miquelon
598,Moran-Rich,Diagnostics,Mid-Market,Kyrgyz Republic
599,"Gibson, Carter and Lester",Pharma,SMB,French Guiana
600,"Scott, Wright and Simpson",Diagnostics,Mid-Market,Norfolk Island
601,Edwards-Alvarado,Environmental,Mid-Market,Rwanda
602,"Scott, Marks and Webb",Life Sciences,SMB,Guinea-Bissau
603,Klein LLC,Diagnostics,Enterprise,Uganda
604,"Williams, Downs and Martinez",Pharma,SMB,Afghanistan
605,Charles Inc,Environmental,SMB,Belarus
606,Farmer-Herrera,Diagnostics,SMB,Iran
607,Smith-Armstrong,Diagnostics,Mid-Market,French Southern Territories
608,Hill Group,Industrial,Mid-Market,Taiwan
609,Nelson-Turner,Pharma,Enterprise,Greece
610,Leonard-Gilmore,Industrial,Enterprise,United States of America
611,Barrett-Stevens,Industrial,Enterprise,Ecuador
612,Wilson-Rogers,Environmental,Enterprise,Luxembourg
613,Harris-Jackson,Industrial,Enterprise,Marshall Islands
614,Rodriguez-Bell,Diagnostics,Enterprise,Jamaica
615,Thomas-Golden,Diagnostics,Mid-Market,Isle of Man
616,"Lawson, Mccarthy and Schmitt",Diagnostics,Enterprise,United States of America
617,Perez-Morris,Pharma,SMB,Iraq
618,"Scott, Johnston and Turner",Environmental,Mid-Market,Jersey
619,Reed-West,Pharma,Enterprise,France
620,Howe-White,Pharma,Mid-Market,Saudi Arabia
621,Mcdowell Ltd,Environmental,Enterprise,Germany
622,Larsen-Friedman,Diagnostics,Mid-Market,Fiji
623,"Brown, Collins and Buckley",Diagnostics,Enterprise,Singapore
624,Bates Group,Life Sciences,SMB,Sudan
625,Chambers LLC,Life Sciences,Enterprise,South Africa
626,"Harrison, Johnson and Horn",Pharma,Enterprise,Chile
627,Donaldson PLC,Industrial,SMB,United Arab Emirates
628,Lawson and Sons,Industrial,SMB,Cyprus
629,"Bauer, Stokes and Collier",Environmental,SMB,Cote d'Ivoire
630,"Thompson, Joyce and Robbins",Industrial,SMB,Ethiopia
631,"Zamora, Hampton and Clarke",Pharma,Enterprise,Uruguay
632,Sexton-Pham,Pharma,SMB,United States of America
633,Brooks-Gonzalez,Environmental,SMB,Algeria
634,"Robinson, Mills and Oneill",Environmental,Mid-Market,Sao Tome and Principe
635,Pena Inc,Diagnostics,Mid-Market,Western Sahara
636,"Russell, Jacobson and Skinner",Diagnostics,SMB,British Virgin Islands
637,"Alvarez, Edwards and Freeman",Life Sciences,Mid-Market,Norway
638,"Wong, Daniel and White",Industrial,SMB,Fiji
639,Hunt LLC,Industrial,Mid-Market,Myanmar
640,Cline-Houston,Industrial,Mid-Market,Montenegro
641,Gilmore-Phillips,Life Sciences,Enterprise,French Guiana
642,Watson Group,Environmental,Enterprise,Chile
643,"Gibson, Lee and Hernandez",Industrial,SMB,Austria
644,Thomas Group,Pharma,Enterprise,Israel
645,Wilson-Rogers,Pharma,Enterprise,Martinique
646,Green-Hernandez,Diagnostics,SMB,Colombia
647,"Figueroa, Mccullough and Wilson",Life Sciences,SMB,Iran
648,Brewer-Williams,Life Sciences,Enterprise,Maldives
649,"Gonzalez, Roberts and Clarke",Industrial,SMB,Philippines
650,Santos PLC,Life Sciences,Mid-Market,Chad
651,Rivera-Wilson,Pharma,Enterprise,Trinidad and Tobago
652,Holmes-Chen,Environmental,Mid-Market,Japan
653,Gordon-Hamilton,Life Sciences,SMB,Panama
654,"Gordon, Hernandez and Boyle",Diagnostics,Enterprise,British Virgin Islands
655,"Lewis, Chase and Mcdonald",Diagnostics,SMB,Saint Martin
656,"Rogers, Morris and Tanner",Environmental,Mid-Market,United Arab Emirates
657,Bryan-Gardner,Life Sciences,SMB,Armenia
658,Cox and Sons,Life Sciences,SMB,Dominican Republic
659,"Flores, Smith and Saunders",Environmental,Enterprise,Turks and Caicos Islands
660,"Carlson, Hale and Mcgrath",Life Sciences,Enterprise,Isle of Man
661,Cain-Campbell,Industrial,Enterprise,Nepal
662,Young and Sons,Diagnostics,SMB,Netherlands
663,Terry-Howard,Diagnostics,SMB,Turkey
664,"Erickson, Paul and Gregory",Diagnostics,Mid-Market,Kazakhstan
665,Cummings-Rodriguez,Life Sciences,Mid-Market,Wallis and Futuna
666,Scott-Jackson,Life Sciences,Mid-Market,Estonia
667,Morgan-Meyers,Diagnostics,SMB,Guinea
668,White-Davis,Diagnostics,Mid-Market,American Samoa
669,"Baker, Wright and Lawrence",Diagnostics,SMB,Czech Republic
670,Richardson Ltd,Diagnostics,SMB,Canada
671,Clark Inc,Diagnostics,SMB,Luxembourg
672,Gonzalez Ltd,Life Sciences,Enterprise,Anguilla
673,Nelson-Murphy,Pharma,SMB,Martinique
674,Cox-Meyers,Life Sciences,SMB,Senegal
675,Wolf-Francis,Life Sciences,SMB,Latvia
676,"Navarro, Gallegos and Meza",Diagnostics,SMB,Mexico
677,Warren-Lewis,Industrial,SMB,Palau
678,Davis-Delacruz,Environmental,Mid-Market,Luxembourg
679,Washington-Peterson,Environmental,Mid-Market,New Zealand
680,"Orozco, Kramer and Kramer",Industrial,SMB,Norfolk Island
681,Smith Group,Diagnostics,Mid-Market,Chile
682,"Griffin, Taylor and Howard",Life Sciences,Mid-Market,Ukraine
683,Walker Group,Environmental,Enterprise,Brazil
684,Flores-Short,Industrial,SMB,Sri Lanka
685,Phillips-Mitchell,Pharma,Mid-Market,Holy See (Vatican City State)
686,Rojas Inc,Environmental,Mid-Market,Saint Helena
687,Harris-King,Industrial,Mid-Market,French Southern Territories
688,"Huang, Hall and Lara",Pharma,SMB,Bulgaria
689,Smith Ltd,Environmental,SMB,Cote d'Ivoire
690,Hill-Mason,Diagnostics,Enterprise,Georgia
691,Smith-Wiley,Pharma,SMB,Bosnia and Herzegovina
692,"Larsen, Morris and Best",Life Sciences,SMB,Timor-Leste
693,Walton-Kirby,Industrial,Mid-Market,Spain
694,Cisneros-Ramirez,Environmental,Enterprise,Kenya
695,"Whitaker, Miller and Small",Life Sciences,Mid-Market,Peru
696,Downs and Sons,Life Sciences,SMB,South Georgia and the South Sandwich Islands
697,Hill-Boone,Diagnostics,SMB,Jersey
698,Herrera Inc,Industrial,SMB,Antarctica (the territory South of 60 deg S)
699,"Dunlap, Johnson and Dunn",Industrial,SMB,Liechtenstein
700,"Hansen, Ruiz and Gaines",Industrial,Mid-Market,Honduras
701,"Smith, Ray and Luna",Diagnostics,Mid-Market,United Arab Emirates
702,Coleman-Mueller,Life Sciences,SMB,Bolivia
703,Wilson-Burgess,Pharma,Mid-Market,New Zealand
704,Patton Group,Industrial,Mid-Market,Mauritania
705,Cox-Haynes,Diagnostics,SMB,Belize
706,"Harrison, Greene and Hayes",Diagnostics,SMB,Marshall Islands
707,"Spencer, Johnston and Miller",Diagnostics,SMB,Guyana
708,"Hill, Pierce and Knight",Industrial,SMB,Italy
709,Scott Ltd,Diagnostics,Mid-Market,Burundi
710,Marshall-Morgan,Life Sciences,SMB,French Polynesia
711,"Cherry, Mcdaniel and Patterson",Industrial,Enterprise,Norway
712,"Carr, Hall and Benton",Diagnostics,SMB,Seychelles
713,Kidd LLC,Diagnostics,Mid-Market,Kyrgyz Republic
714,Johnson Inc,Pharma,Enterprise,Christmas Island
715,Phillips Ltd,Life Sciences,Enterprise,Niger
716,"Bailey, Holt and Noble",Industrial,Mid-Market,Guatemala
717,Silva-Johnson,Life Sciences,Mid-Market,Chile
718,Johnson-Washington,Life Sciences,SMB,Eritrea
719,Diaz-Hughes,Life Sciences,Mid-Market,Palau
720,Brooks-Gibson,Environmental,Mid-Market,Namibia
721,"Garcia, Lee and Phillips",Life Sciences,SMB,United States Minor Outlying Islands
722,"Pace, Foster and Guerrero",Industrial,SMB,United States Minor Outlying Islands
723,"Mcneil, Obrien and Ritter",Environmental,SMB,Liberia
724,"Davidson, Bauer and Brown",Diagnostics,SMB,Mozambique
725,"Steele, Edwards and Diaz",Industrial,Mid-Market,South Africa
726,Joyce and Sons,Life Sciences,SMB,Armenia
727,"Livingston, Kelly and Rogers",Environmental,Mid-Market,Azerbaijan
728,"Edwards, Jimenez and Arnold",Life Sciences,SMB,Botswana
729,"Jordan, Bennett and Powers",Industrial,Enterprise,Burkina Faso
730,Carlson-Campbell,Environmental,Mid-Market,Sudan
731,"Richmond, Mendoza and Hardy",Pharma,SMB,Belize
732,Dillon-West,Life Sciences,Mid-Market,Turkmenistan
733,"Tran, Scott and Robertson",Industrial,SMB,Peru
734,"Zavala, Leon and Parsons",Industrial,Mid-Market,Liberia
735,Kidd-Brown,Industrial,Mid-Market,Bhutan
736,"Hester, Nelson and Cantu",Diagnostics,Mid-Market,Antarctica (the territory South of 60 deg S)
737,Smith Ltd,Pharma,Enterprise,Lebanon
738,May-Suarez,Pharma,SMB,Uruguay
739,"Briggs, Carson and Daugherty",Environmental,SMB,Lao People's Democratic Republic
740,"Wilson, Lee and Lopez",Pharma,Mid-Market,Venezuela
741,Horn Inc,Life Sciences,Enterprise,Namibia
742,"Palmer, Castro and Gutierrez",Industrial,Mid-Market,Bermuda
743,White Inc,Pharma,Enterprise,Northern Mariana Islands
744,"Ford, Reyes and Park",Environmental,Mid-Market,Hong Kong
745,"Christian, Trevino and Oliver",Diagnostics,Enterprise,Congo
746,Smith-Watkins,Pharma,Mid-Market,Oman
747,Arnold-Hampton,Environmental,SMB,Nigeria
748,"Kelley, Lee and Landry",Industrial,Mid-Market,Palau
749,Miller Ltd,Pharma,Mid-Market,Portugal
750,"Aguilar, Thompson and Massey",Diagnostics,Enterprise,Finland
751,Hernandez-Collins,Diagnostics,Mid-Market,Georgia
752,"Kramer, Lee and Holt",Pharma,Enterprise,Dominican Republic
753,"Sanford, Gibson and Ingram",Pharma,Mid-Market,Chad
754,Miller Inc,Diagnostics,SMB,Sierra Leone
755,"Moore, King and Ruiz",Diagnostics,SMB,Pitcairn Islands
756,"Stevens, Clark and Ortega",Diagnostics,Mid-Market,Sri Lanka
757,Shepard-Maxwell,Diagnostics,Mid-Market,Afghanistan
758,Mooney-Miller,Life Sciences,SMB,Myanmar
759,"Morrow, Johnson and Watkins",Life Sciences,Enterprise,Greece
760,Brown-Chapman,Life Sciences,SMB,Pitcairn Islands
761,Horne Group,Pharma,SMB,Congo
762,"Edwards, Rodriguez and Lewis",Life Sciences,SMB,Philippines
763,Smith PLC,Industrial,Enterprise,Lebanon
764,"Middleton, Munoz and Myers",Life Sciences,Enterprise,Mongolia
765,Ruiz-Rose,Life Sciences,SMB,Mongolia
766,Walker-Hernandez,Life Sciences,SMB,Palau
767,Myers Inc,Life Sciences,Enterprise,Senegal
768,Shelton-Mooney,Diagnostics,Enterprise,Niger
769,Salas-Camacho,Industrial,Mid-Market,Poland
770,"Stephenson, Ali and Anderson",Diagnostics,SMB,Bouvet Island (Bouvetoya)
771,Adkins and Sons,Life Sciences,SMB,Venezuela
772,"Cole, Morgan and Porter",Pharma,Mid-Market,Kyrgyz Republic
773,Young-Reed,Life Sciences,SMB,Nepal
774,Ritter and Sons,Life Sciences,Mid-Market,Saint Barthelemy
775,"Williams, Ortega and Thomas",Pharma,Mid-Market,Cocos (Keeling) Islands
776,Elliott-Santiago,Pharma,Mid-Market,Cyprus
777,"Vega, Herrera and Gardner",Life Sciences,Mid-Market,Jersey
778,Cobb PLC,Environmental,Mid-Market,Senegal
779,Hines-Chang,Diagnostics,Mid-Market,Guam
780,"Smith, Mccormick and Jones",Diagnostics,Mid-Market,Nepal
781,Jones-Martin,Life Sciences,SMB,Luxembourg
782,Walton Ltd,Diagnostics,Mid-Market,Antarctica (the territory South of 60 deg S)
783,Cruz-Schneider,Diagnostics,SMB,Brunei Darussalam
784,Bell-Reed,Pharma,Mid-Market,Uzbekistan
785,"Green, Bright and Simmons",Life Sciences,SMB,Solomon Islands
786,Hood Group,Diagnostics,Mid-Market,Croatia
787,Scott-Ross,Industrial,Mid-Market,Bhutan
788,Kim-Martin,Environmental,Mid-Market,Eritrea
789,Hinton-Rodriguez,Diagnostics,SMB,Gambia
790,Pham-Ware,Environmental,SMB,Romania
791,"Jones, Ayers and Richards",Environmental,Enterprise,Dominica
792,"Phelps, Evans and Gonzalez",Pharma,Enterprise,Lithuania
793,Olson Group,Life Sciences,SMB,Zimbabwe
794,Ferguson-Todd,Environmental,SMB,Tajikistan
795,Flores-Li,Pharma,Enterprise,Myanmar
796,"Collins, Gamble and Hampton",Environmental,Mid-Market,Myanmar
797,Avila-Wolf,Pharma,Enterprise,Philippines
798,Schultz and Sons,Pharma,SMB,Saint Helena
799,Schmidt-Lee,Environmental,Mid-Market,Liberia
800,Fleming-Martin,Industrial,SMB,Mongolia
801,Williamson and Sons,Diagnostics,Mid-Market,Saint Barthelemy
802,"Garza, Ramirez and Gray",Diagnostics,SMB,Switzerland
803,Flores-Green,Pharma,Mid-Market,Grenada
804,Koch-Crawford,Life Sciences,Mid-Market,Ireland
805,"Griffin, Perez and Olson",Industrial,Mid-Market,Uruguay
806,"Greene, Kim and Howard",Pharma,Enterprise,Brunei Darussalam
807,George-Perez,Life Sciences,Enterprise,Western Sahara
808,Ferguson Group,Diagnostics,Mid-Market,Isle of Man
809,"Hughes, Thomas and Martinez",Industrial,SMB,Thailand
810,Hall-Davis,Life Sciences,Mid-Market,Bosnia and Herzegovina
811,Conley-Rodriguez,Pharma,Mid-Market,Malaysia
812,"Smith, Lynch and Booker",Environmental,SMB,Tokelau
813,Johnson-Reilly,Pharma,Enterprise,Swaziland
814,"Harrison, Washington and Jenkins",Life Sciences,SMB,Portugal
815,"Wilkins, Jenkins and Carter",Diagnostics,SMB,Solomon Islands
816,Moore-Miller,Life Sciences,Enterprise,Bahrain
817,"Meyer, Winters and Bowman",Life Sciences,SMB,Ethiopia
818,Robinson and Sons,Pharma,Mid-Market,French Polynesia
819,Thomas Group,Environmental,Mid-Market,Finland
820,Lawson Ltd,Diagnostics,SMB,Grenada
821,King Ltd,Environmental,SMB,Costa Rica
822,Bennett-Newton,Life Sciences,SMB,Togo
823,Monroe-Baker,Pharma,Mid-Market,Portugal
824,Maynard-Wright,Environmental,Enterprise,Equatorial Guinea
825,Rosales-Lara,Life Sciences,SMB,Brunei Darussalam
826,Clark Inc,Life Sciences,Mid-Market,Antigua and Barbuda
827,Williams PLC,Pharma,Enterprise,Afghanistan
828,Hester Ltd,Industrial,SMB,Costa Rica
829,"Jackson, Allen and Aguilar",Environmental,Mid-Market,Norfolk Island
830,Hall-Williams,Pharma,Mid-Market,Belgium
831,Johnson-Davis,Life Sciences,Mid-Market,Afghanistan
832,Williams-Williams,Environmental,SMB,Kenya
833,"Joyce, Ramos and Sanchez",Diagnostics,Mid-Market,Bolivia
834,Hoffman PLC,Pharma,Mid-Market,Congo
835,"Luna, Reid and Harrington",Life Sciences,SMB,Solomon Islands
836,Mccormick and Sons,Industrial,Enterprise,Saudi Arabia
837,Hudson-Anderson,Industrial,SMB,Taiwan
838,Dixon Ltd,Diagnostics,SMB,Turkey
839,Buchanan LLC,Pharma,SMB,Monaco
840,"Sanchez, Williams and Gonzalez",Pharma,Enterprise,Turkey
841,Marquez PLC,Environmental,SMB,Libyan Arab Jamahiriya
842,Rivera Group,Life Sciences,Mid-Market,Hungary
843,Brown LLC,Life Sciences,Mid-Market,Mali
844,House-Williams,Pharma,SMB,Serbia
845,Baxter-Hammond,Diagnostics,Mid-Market,Malta
846,"Gonzalez, Anderson and Chen",Industrial,SMB,Germany
847,"Maynard, Kirby and Patterson",Pharma,Mid-Market,Ecuador
848,Thomas-Peck,Diagnostics,Mid-Market,Mozambique
849,"Archer, Williams and Kaiser",Industrial,SMB,Netherlands Antilles
850,"Conley, Jimenez and Morris",Environmental,Mid-Market,Guernsey
851,Santana PLC,Diagnostics,Enterprise,Lao People's Democratic Republic
852,"Martinez, Williams and Castro",Diagnostics,SMB,Burkina Faso
853,Ramirez-Anderson,Environmental,Mid-Market,Oman
854,"Kelly, Moreno and Brown",Industrial,SMB,Rwanda
855,"Petty, Archer and Ortiz",Industrial,Enterprise,Angola
856,"Ryan, Crane and Robinson",Pharma,Enterprise,South Georgia and the South Sandwich Islands
857,"Williamson, Welch and Perez",Life Sciences,Enterprise,Djibouti
858,"Williams, Williams and Sparks",Diagnostics,Enterprise,Cuba
859,"Mann, Herring and Landry",Life Sciences,Enterprise,Egypt
860,Smith Group,Industrial,SMB,Micronesia
861,"Williams, Garcia and Cameron",Industrial,Mid-Market,San Marino
862,Davis-Haney,Environmental,SMB,Syrian Arab Republic
863,"Gill, Castro and Freeman",Pharma,SMB,Senegal
864,"Gallagher, Cummings and Ferguson",Environmental,Enterprise,Cuba
865,Chambers Inc,Pharma,Enterprise,Tanzania
866,Hanson Inc,Industrial,SMB,Cambodia
867,Lewis-Gomez,Pharma,Mid-Market,Iceland
868,Fitzgerald-Donaldson,Diagnostics,Enterprise,Timor-Leste
869,"Collins, Miller and Stevens",Life Sciences,SMB,Korea
870,"Watson, White and Valdez",Industrial,SMB,Turkmenistan
871,Shields Ltd,Diagnostics,SMB,Monaco
872,Freeman and Sons,Industrial,Enterprise,Tanzania
873,Evans Group,Diagnostics,Mid-Market,Chile
874,Barnes-Higgins,Life Sciences,Mid-Market,Luxembourg
875,"West, Beck and Horn",Environmental,Enterprise,Singapore
876,Clark Ltd,Life Sciences,Mid-Market,Cook Islands
877,Mayer Inc,Industrial,Mid-Market,Poland
878,Phillips Inc,Diagnostics,Mid-Market,Iceland
879,Gardner-Hughes,Environmental,SMB,Saint Kitts and Nevis
880,"Page, Osborne and Faulkner",Industrial,SMB,Nicaragua
881,Hernandez LLC,Diagnostics,SMB,Saint Vincent and the Grenadines
882,Hubbard LLC,Life Sciences,Mid-Market,Kazakhstan
883,"Brock, Young and Bennett",Diagnostics,Enterprise,Tunisia
884,Johnson-Fitzgerald,Diagnostics,SMB,Mauritania
885,Dennis-Mayer,Environmental,SMB,Macao
886,"Stout, Peterson and Porter",Industrial,SMB,Bosnia and Herzegovina
887,"Terry, Fox and Soto",Pharma,SMB,Singapore
888,Patterson-Morse,Environmental,Enterprise,Spain
889,Griffith Ltd,Diagnostics,SMB,British Virgin Islands
890,Martin-Anderson,Diagnostics,SMB,Costa Rica
891,Ruiz Ltd,Life Sciences,SMB,Malaysia
892,Gibbs PLC,Pharma,Mid-Market,Chile
893,Lewis-Allen,Industrial,SMB,Tanzania
894,Wells PLC,Life Sciences,SMB,Finland
895,Williams-Smith,Pharma,SMB,Bulgaria
896,Briggs Group,Environmental,Mid-Market,Uzbekistan
897,Perez-Jones,Life Sciences,Mid-Market,Saint Helena
898,"Short, Wilson and Gill",Diagnostics,SMB,Lesotho
899,"Case, Gardner and Lewis",Diagnostics,Enterprise,Saint Martin
900,Evans-Reeves,Industrial,Mid-Market,Gambia
901,Schneider-Cole,Industrial,Enterprise,China
902,Compton Ltd,Industrial,SMB,Central African Republic
903,"Collins, Rodriguez and Reed",Industrial,Mid-Market,Saint Kitts and Nevis
904,Miller-Walsh,Industrial,Mid-Market,Jordan
905,Mora Ltd,Pharma,SMB,Zimbabwe
906,Benitez Group,Diagnostics,Enterprise,Martinique
907,"Ford, Hodge and Carter",Environmental,SMB,Gabon
908,Pearson PLC,Pharma,Mid-Market,Gabon
909,"Paul, Gill and Garcia",Diagnostics,SMB,United States of America
910,"Thompson, Reyes and Munoz",Environmental,Mid-Market,Botswana
911,Reyes and Sons,Life Sciences,SMB,French Polynesia
912,Hanson-Carpenter,Life Sciences,Mid-Market,Nepal
913,"White, Hill and Shelton",Life Sciences,Enterprise,British Indian Ocean Territory (Chagos Archipelago)
914,Banks-Wade,Environmental,SMB,Brazil
915,"Key, Walker and Bowen",Industrial,Enterprise,Oman
916,Vaughn-Higgins,Industrial,SMB,Yemen
917,"Thompson, Dixon and Wood",Life Sciences,SMB,Bulgaria
918,"Thompson, Sutton and Holmes",Industrial,Mid-Market,Sao Tome and Principe
919,Burgess-Bennett,Industrial,Mid-Market,Saint Barthelemy
920,"Rodriguez, Peters and Kelly",Diagnostics,SMB,Tunisia
921,Stone LLC,Industrial,Enterprise,Sri Lanka
922,Beltran and Sons,Pharma,Mid-Market,Turkey
923,Baker and Sons,Environmental,Mid-Market,Nigeria
924,"Parrish, Sparks and Miller",Pharma,Mid-Market,Holy See (Vatican City State)
925,"Park, Coleman and Patterson",Pharma,Mid-Market,Rwanda
926,"Mccarthy, Harrington and Hill",Diagnostics,Enterprise,Saint Vincent and the Grenadines
927,"Howard, Elliott and Ward",Pharma,Enterprise,Heard Island and McDonald Islands
928,"Daniels, Thompson and Obrien",Pharma,Enterprise,Bosnia and Herzegovina
929,Moore Ltd,Diagnostics,SMB,Korea
930,Robinson and Sons,Pharma,Enterprise,British Indian Ocean Territory (Chagos Archipelago)
931,"Mcdonald, Henry and Rogers",Pharma,Mid-Market,Sao Tome and Principe
932,Johnson-Velez,Pharma,SMB,Mayotte
933,Davis LLC,Diagnostics,SMB,Tunisia
934,Watts-Kennedy,Industrial,Enterprise,American Samoa
935,"Smith, Buck and Lopez",Life Sciences,Mid-Market,Svalbard & Jan Mayen Islands
936,"Glass, Kelly and Rojas",Pharma,Mid-Market,Sierra Leone
937,Jones-Allen,Pharma,SMB,Palestinian Territory
938,"Thomas, Hicks and Rocha",Industrial,Mid-Market,Netherlands
939,Stark-Flores,Industrial,SMB,Colombia
940,Allen Ltd,Environmental,SMB,Italy
941,Wolfe Group,Industrial,Mid-Market,Holy See (Vatican City State)
942,Turner Ltd,Diagnostics,SMB,Philippines
943,"Baker, Ryan and Jackson",Pharma,SMB,Fiji
944,Green LLC,Life Sciences,Enterprise,Peru
945,"Smith, Murphy and Colon",Life Sciences,SMB,Benin
946,Smith and Sons,Industrial,SMB,Cocos (Keeling) Islands
947,"Carlson, Mathews and Perez",Life Sciences,Enterprise,Western Sahara
948,Fowler Group,Diagnostics,SMB,Brazil
949,Mathis Group,Pharma,Mid-Market,Nigeria
950,"Turner, Lewis and Lane",Diagnostics,SMB,Armenia
951,Brown-Robertson,Life Sciences,Mid-Market,United Arab Emirates
952,Murphy Ltd,Industrial,SMB,Congo
953,"Doyle, Carlson and Sandoval",Pharma,Mid-Market,Ireland
954,Rangel-Thomas,Industrial,Enterprise,Malaysia
955,"Nichols, Nash and Jones",Pharma,Mid-Market,Kenya
956,"Reyes, Wilkins and Lane",Life Sciences,Enterprise,Japan
957,Mccarthy-Smith,Life Sciences,SMB,Samoa
958,"Williams, Ward and Williams",Environmental,Enterprise,Ecuador
959,Harris-Cabrera,Pharma,Enterprise,Kyrgyz Republic
960,Taylor-Chandler,Diagnostics,Mid-Market,Cook Islands
961,Adams and Sons,Industrial,Mid-Market,Togo
962,Hernandez-Vasquez,Environmental,Mid-Market,Somalia
963,"White, Lee and Rodriguez",Industrial,SMB,United States Minor Outlying Islands
964,Carrillo-Smith,Diagnostics,Mid-Market,Guyana
965,Fitzpatrick LLC,Diagnostics,Enterprise,United States of America
966,"Hill, Clayton and Moore",Industrial,Enterprise,Papua New Guinea
967,Mendoza-Fuentes,Life Sciences,SMB,Chad
968,Gonzalez-Morris,Diagnostics,SMB,Netherlands
969,Krause-Dean,Industrial,Enterprise,Peru
970,Montoya-Mccullough,Life Sciences,SMB,Belarus
971,"Lee, Kennedy and Shaw",Diagnostics,SMB,Wallis and Futuna
972,Vasquez Group,Diagnostics,Mid-Market,Seychelles
973,Vega-Bolton,Industrial,Mid-Market,Tajikistan
974,Larson-Holland,Diagnostics,Mid-Market,Switzerland
975,"Mcdonald, Larsen and Williams",Pharma,SMB,Jamaica
976,Jones-Johnson,Industrial,SMB,Tajikistan
977,Solis-Wheeler,Diagnostics,Enterprise,Jordan
978,"Ingram, Jackson and Higgins",Diagnostics,Mid-Market,Bahrain
979,Martinez-Johnson,Life Sciences,Mid-Market,Madagascar
980,Tucker-Simpson,Industrial,Mid-Market,Israel
981,"Rhodes, Ramirez and Smith",Diagnostics,Mid-Market,Dominican Republic
982,Williams Ltd,Industrial,SMB,Lao People's Democratic Republic
983,"Sanchez, Wilkinson and Crawford",Environmental,Enterprise,Saint Vincent and the Grenadines
984,"Newton, Shaw and Gonzales",Pharma,SMB,Guadeloupe
985,Singh LLC,Life Sciences,Mid-Market,Belize
986,Jordan-Clarke,Diagnostics,Mid-Market,India
987,Evans Group,Pharma,SMB,Pitcairn Islands
988,Martinez-Chapman,Industrial,SMB,Netherlands Antilles
989,Cantu-Smith,Environmental,Enterprise,Croatia
990,"Hawkins, Baker and Anderson",Industrial,Mid-Market,Kazakhstan
991,"Woodard, Mccall and Smith",Diagnostics,Enterprise,Micronesia
992,"James, Sanders and Cannon",Pharma,Enterprise,Korea
993,Mendoza-Ballard,Environmental,SMB,Slovenia
994,"Murphy, Copeland and Martinez",Environmental,SMB,United States of America
995,Sparks-Mueller,Industrial,Enterprise,Bhutan
996,Yates LLC,Environmental,SMB,Greece
997,Holmes Ltd,Life Sciences,SMB,Montenegro
998,"Johnson, Nolan and Edwards",Environmental,Mid-Market,Somalia
999,"Reid, Aguilar and Durham",Industrial,Enterprise,Bulgaria
1000,"Gibson, Dunn and Jones",Pharma,SMB,North Macedonia
1001,"Walters, Ford and Rodriguez",Diagnostics,Enterprise,Cape Verde
1002,Riddle-Davis,Life Sciences,Mid-Market,Norway
1003,Johnson PLC,Environmental,SMB,Lebanon
1004,"Mitchell, Graham and Evans",Environmental,SMB,Sierra Leone
1005,Mcclain PLC,Diagnostics,Mid-Market,Cayman Islands
1006,Wells Inc,Life Sciences,SMB,Portugal
1007,Thompson-Price,Environmental,Mid-Market,Brazil
1008,Robinson-Lewis,Life Sciences,Enterprise,Niger
1009,King and Sons,Life Sciences,Mid-Market,Kazakhstan
1010,Morris Group,Diagnostics,Mid-Market,Australia
1011,Gomez Ltd,Industrial,SMB,Trinidad and Tobago
1012,"Moss, Schroeder and Adams",Life Sciences,SMB,Malta
1013,Brown LLC,Life Sciences,SMB,Saint Pierre and Miquelon
1014,Williams-Ramirez,Environmental,SMB,Tonga
1015,Brown Ltd,Environmental,SMB,Spain
1016,"Simpson, Davis and Jones",Industrial,SMB,Aruba
1017,Nash-Ritter,Industrial,Mid-Market,Venezuela
1018,"Colon, Perry and Michael",Environmental,SMB,Qatar
1019,Sanchez-Williams,Pharma,Enterprise,Iran
1020,"Woods, Osborne and Brewer",Pharma,Enterprise,Madagascar
1021,Silva Ltd,Industrial,Enterprise,Bahamas
1022,"Daniels, Harrington and Smith",Pharma,Enterprise,United States of America
1023,Rivera-Vasquez,Industrial,Enterprise,Algeria
1024,Richardson LLC,Environmental,Mid-Market,Kuwait
1025,Taylor-Melendez,Diagnostics,Enterprise,Chile
1026,"Hernandez, King and Phillips",Industrial,Mid-Market,Bermuda
1027,"Robinson, Wright and Solis",Diagnostics,Enterprise,Anguilla
1028,Lloyd Group,Environmental,Mid-Market,Papua New Guinea
1029,Schultz Group,Industrial,Mid-Market,French Polynesia
1030,"Jones, Chavez and Lee",Environmental,Mid-Market,Anguilla
1031,Martin-Patterson,Pharma,Enterprise,Switzerland
1032,Young Ltd,Diagnostics,SMB,Christmas Island
1033,"Baker, Watts and Lopez",Industrial,SMB,Costa Rica
1034,"Hansen, Schroeder and Fitzgerald",Pharma,Mid-Market,Germany
1035,Hudson-Richards,Life Sciences,Enterprise,Iceland
1036,Byrd-Galloway,Diagnostics,Mid-Market,United Kingdom
1037,"Williams, Rodriguez and Skinner",Life Sciences,Mid-Market,Seychelles
1038,"Harris, Hall and Hall",Environmental,Mid-Market,Suriname
1039,"Hanson, Martin and Marquez",Life Sciences,SMB,Liechtenstein
1040,Anderson-Jenkins,Pharma,SMB,Denmark
1041,"Fitzgerald, Smith and Miller",Industrial,Enterprise,Slovakia (Slovak Republic)
1042,Ward PLC,Environmental,Mid-Market,Samoa
1043,Lin PLC,Industrial,SMB,Cocos (Keeling) Islands
1044,"Martinez, Phelps and Cline",Life Sciences,Mid-Market,Montserrat
1045,Nolan-Bailey,Pharma,SMB,Liberia
1046,Curtis PLC,Pharma,Enterprise,Micronesia
1047,Cobb Inc,Environmental,SMB,Madagascar
1048,Brock-Day,Life Sciences,Enterprise,Iceland
1049,Ross LLC,Pharma,Mid-Market,Afghanistan
1050,"Brooks, Warren and Phillips",Environmental,SMB,Cote d'Ivoire
1051,Ortiz Ltd,Pharma,Mid-Market,Tanzania
1052,"Roth, Cook and Delacruz",Environmental,Enterprise,Qatar
1053,Garcia-Wilson,Environmental,Mid-Market,United States Minor Outlying Islands
1054,Torres-Cuevas,Pharma,Mid-Market,Lesotho
1055,"Luna, Moore and Baker",Pharma,Mid-Market,Madagascar
1056,Gilmore and Sons,Pharma,Mid-Market,Greenland
1057,"Waters, Davis and Fischer",Diagnostics,SMB,Somalia
1058,Rose-Patel,Diagnostics,Enterprise,Greece
1059,"Walls, Vazquez and Brooks",Life Sciences,SMB,Zambia
1060,"Montgomery, Thompson and Leach",Life Sciences,Enterprise,Somalia
1061,"Garrett, Medina and Crane",Industrial,Enterprise,Senegal
1062,"Walton, Bennett and Baldwin",Life Sciences,Enterprise,Kiribati
1063,Mcknight-Lyons,Life Sciences,SMB,Faroe Islands
1064,"Mendoza, Clark and Porter",Industrial,SMB,Saint Helena
1065,"Jones, Zamora and Brown",Industrial,Enterprise,Saudi Arabia
1066,Scott PLC,Industrial,Mid-Market,Nepal
1067,"Delacruz, Hughes and Fox",Diagnostics,SMB,Malawi
1068,Nichols Ltd,Diagnostics,Mid-Market,Iceland
1069,Walter-Morse,Industrial,SMB,Central African Republic
1070,"Walker, Kennedy and Coleman",Industrial,Enterprise,Niger
1071,"Herrera, Guzman and Thomas",Industrial,Enterprise,Spain
1072,"Tyler, Valdez and Yang",Environmental,SMB,Martinique
1073,Flores-White,Industrial,Enterprise,United States of America
1074,"Foster, Patterson and Browning",Environmental,Mid-Market,Latvia
1075,Brown and Sons,Diagnostics,Mid-Market,Turkey
1076,Smith PLC,Environmental,SMB,Haiti
1077,Allison-Carpenter,Pharma,SMB,Norway
1078,"Webb, Allen and Stevens",Industrial,Enterprise,Vanuatu
1079,"Waters, Perez and Jenkins",Life Sciences,SMB,Montserrat
1080,Smith-Duran,Pharma,Mid-Market,Northern Mariana Islands
1081,"Jackson, Ingram and Randolph",Environmental,Mid-Market,San Marino
1082,Smith-Russell,Pharma,SMB,Liberia
1083,Gonzales-Ward,Environmental,Mid-Market,Guam
1084,Brown Inc,Pharma,Mid-Market,Iran
1085,Dunn-Ayers,Life Sciences,SMB,Poland
1086,"Henderson, Hale and Coleman",Life Sciences,Enterprise,Finland
1087,"Young, Bryant and Ellis",Industrial,Enterprise,Saint Kitts and Nevis
1088,Gonzales-Williams,Life Sciences,Mid-Market,United States of America
1089,Cisneros-Porter,Life Sciences,SMB,United States Minor Outlying Islands
1090,Brown-Patterson,Pharma,Mid-Market,Burkina Faso
1091,Ortiz and Sons,Industrial,Mid-Market,Portugal
1092,Duran Group,Life Sciences,SMB,United Arab Emirates
1093,Beltran-Franco,Life Sciences,SMB,Bulgaria
1094,Vega-Salinas,Diagnostics,Mid-Market,Mexico
1095,Figueroa-Osborne,Pharma,Mid-Market,Slovakia (Slovak Republic)
1096,Munoz-Hogan,Life Sciences,Enterprise,San Marino
1097,Henry PLC,Diagnostics,SMB,Papua New Guinea
1098,Williams and Sons,Environmental,SMB,Mauritius
1099,"Malone, Salazar and Richardson",Industrial,SMB,Gibraltar
1100,Johnston-Leonard,Industrial,Enterprise,Colombia
1101,Reed-Hernandez,Environmental,Mid-Market,Kyrgyz Republic
1102,Johnson Ltd,Life Sciences,Enterprise,Isle of Man
1103,"Watson, Schneider and Mckinney",Pharma,Mid-Market,Saint Martin
1104,Harris Inc,Industrial,Enterprise,Peru
1105,Strong PLC,Pharma,SMB,Slovakia (Slovak Republic)
1106,Anderson Group,Industrial,SMB,Vietnam
1107,Bush-Kelly,Environmental,SMB,Guyana
1108,Shepard-Jones,Diagnostics,SMB,San Marino
1109,Moore-Ramirez,Life Sciences,SMB,Malawi
1110,"Berg, Joseph and Turner",Life Sciences,Enterprise,North Macedonia
1111,"Pittman, Sanford and Thomas",Environmental,Enterprise,Turkey
1112,Sanders-Francis,Life Sciences,SMB,Vanuatu
1113,"Browning, King and Bowman",Environmental,Mid-Market,Hungary
1114,Ward-Wilson,Industrial,Enterprise,Palau
1115,Soto-Wall,Environmental,Mid-Market,Paraguay
1116,Day PLC,Environmental,Mid-Market,Lithuania
1117,Wood-Dillon,Environmental,Mid-Market,Belarus
1118,Archer-Jones,Diagnostics,Mid-Market,Indonesia
1119,Sandoval and Sons,Industrial,Enterprise,Gambia
1120,Powell and Sons,Industrial,SMB,Morocco
1121,"Green, Franklin and Roberts",Life Sciences,Mid-Market,Anguilla
1122,Walker Group,Diagnostics,Mid-Market,Sierra Leone
1123,Kim-Wilson,Industrial,Enterprise,Bahrain
1124,Brown LLC,Diagnostics,Mid-Market,Lithuania
1125,"Wood, Hughes and Gould",Environmental,Mid-Market,Guatemala
1126,"Wagner, Oconnor and Dunn",Environmental,Mid-Market,Belgium
1127,"Green, Boyer and Jones",Life Sciences,Mid-Market,Montenegro
1128,"Smith, Rogers and Moody",Pharma,Mid-Market,Fiji
1129,Murray Inc,Environmental,SMB,Mauritania
1130,Perry LLC,Environmental,Mid-Market,Puerto Rico
1131,"Hampton, Evans and Gonzalez",Industrial,SMB,Syrian Arab Republic
1132,Taylor Inc,Life Sciences,SMB,Grenada
1133,Murphy-Morgan,Pharma,Mid-Market,Bolivia
1134,Escobar Inc,Pharma,SMB,Japan
1135,Cuevas-Johnson,Industrial,Mid-Market,Dominica
1136,"Torres, Jenkins and Castillo",Environmental,SMB,Germany
1137,"Hicks, Davidson and Rivera",Environmental,Enterprise,Tuvalu
1138,Atkinson-Acosta,Environmental,SMB,San Marino
1139,"Cisneros, Frye and Lewis",Life Sciences,Mid-Market,British Virgin Islands
1140,Dillon Group,Diagnostics,SMB,Liechtenstein
1141,Jones Inc,Pharma,Enterprise,Timor-Leste
1142,Zhang-Williams,Industrial,SMB,Moldova
1143,Meza PLC,Industrial,SMB,Niue
1144,Navarro Group,Environmental,SMB,Nigeria
1145,Forbes Ltd,Life Sciences,SMB,Saint Martin
1146,"Stanley, Brown and Jones",Industrial,Mid-Market,Malaysia
1147,Ramirez PLC,Pharma,Mid-Market,Isle of Man
1148,"Chung, Salazar and Trujillo",Environmental,Mid-Market,Tanzania
1149,"Mcbride, Edwards and Alvarado",Diagnostics,SMB,Iceland
1150,Hanna-Lopez,Industrial,Mid-Market,Equatorial Guinea
1151,Ortiz Inc,Life Sciences,SMB,Antigua and Barbuda
1152,"Alvarez, Ingram and Davis",Industrial,Mid-Market,Kenya
1153,Daugherty-Alvarez,Environmental,SMB,Antarctica (the territory South of 60 deg S)
1154,Grimes-Chambers,Diagnostics,Mid-Market,Vietnam
1155,King-Garcia,Life Sciences,SMB,Liechtenstein
1156,Lee-Bray,Environmental,SMB,Cote d'Ivoire
1157,Solis Ltd,Environmental,SMB,Haiti
1158,Terry Group,Industrial,SMB,Bahamas
1159,Richards PLC,Diagnostics,SMB,Montserrat
1160,Davis Group,Industrial,Mid-Market,Norway
1161,Snyder-Taylor,Life Sciences,SMB,Cape Verde
1162,Harrison Group,Life Sciences,SMB,Sudan
1163,"Kline, Lee and Boyer",Environmental,SMB,Rwanda
1164,"Whitney, Foley and Martinez",Life Sciences,SMB,Slovakia (Slovak Republic)
1165,Colon-Delgado,Pharma,Mid-Market,Belarus
1166,Reyes-Mcdonald,Pharma,Enterprise,India
1167,"Santiago, Yang and Clark",Industrial,Mid-Market,Solomon Islands
1168,Flores Inc,Industrial,SMB,Ireland
1169,Oconnell Inc,Life Sciences,Mid-Market,Syrian Arab Republic
1170,"Liu, Cox and Hughes",Pharma,SMB,Western Sahara
1171,"Garcia, Nash and Sosa",Environmental,SMB,India
1172,Morris-Wood,Environmental,SMB,Venezuela
1173,Williams-Sanchez,Environmental,Enterprise,Sudan
1174,Banks-Daniel,Industrial,Enterprise,French Southern Territories
1175,Davis Inc,Environmental,Mid-Market,Canada
1176,Perez Inc,Environmental,Mid-Market,United States Minor Outlying Islands
1177,"Harris, Baker and Potts",Life Sciences,Mid-Market,Azerbaijan
1178,"Johnson, Gutierrez and Barber",Diagnostics,Mid-Market,Antigua and Barbuda
1179,"Gardner, Kelly and Chavez",Life Sciences,SMB,Argentina
1180,Singh Group,Environmental,Mid-Market,Holy See (Vatican City State)
1181,Reeves Inc,Environmental,SMB,Saint Lucia
1182,Benson-Kaufman,Industrial,SMB,Mayotte
1183,West and Sons,Life Sciences,SMB,Afghanistan
1184,Roberts PLC,Life Sciences,Mid-Market,French Guiana
1185,"Rogers, Green and Clark",Industrial,Mid-Market,Cyprus
1186,"Jones, Santos and Evans",Pharma,Enterprise,Singapore
1187,Adams-Harper,Life Sciences,Mid-Market,Bolivia
1188,Hicks and Sons,Life Sciences,Mid-Market,Grenada
1189,Summers-Moore,Life Sciences,Mid-Market,Bangladesh
1190,"Juarez, Holmes and Ramos",Pharma,SMB,Mayotte
1191,Blevins-Washington,Environmental,Mid-Market,Estonia
1192,Torres-Dean,Life Sciences,SMB,Slovakia (Slovak Republic)
1193,White-Williams,Industrial,Enterprise,Japan
1194,Hill-Schwartz,Diagnostics,SMB,Lao People's Democratic Republic
1195,"Williams, Moyer and Dean",Life Sciences,SMB,Burkina Faso
1196,Beck PLC,Pharma,SMB,Tonga
1197,Fox-Myers,Industrial,SMB,French Guiana
1198,"Aguilar, Mcgee and Mclaughlin",Diagnostics,Mid-Market,Holy See (Vatican City State)
1199,"Murray, Harris and Marshall",Pharma,Mid-Market,Niger
1200,"Summers, Thomas and Mitchell",Industrial,Enterprise,Greenland
1201,Montoya-Hodges,Industrial,Mid-Market,Uruguay
1202,Clark-Davenport,Pharma,Enterprise,Eritrea
1203,Baker-Murray,Life Sciences,Mid-Market,Nicaragua
1204,"Patterson, Guerra and Miller",Life Sciences,SMB,Gambia
1205,Gonzalez-Vazquez,Life Sciences,Enterprise,Equatorial Guinea
1206,Leonard LLC,Industrial,Enterprise,Belarus
1207,"Moreno, Coleman and Butler",Life Sciences,SMB,Iraq
1208,Fisher Ltd,Industrial,Mid-Market,Djibouti
1209,Simmons-Carroll,Pharma,Mid-Market,Sudan
1210,"Lewis, Ferguson and Carroll",Industrial,SMB,Norway
1211,Gonzalez PLC,Environmental,SMB,Guinea
1212,Cantu Inc,Industrial,Mid-Market,Egypt
1213,"Wilson, Thomas and Frank",Industrial,Enterprise,Cameroon
1214,Juarez Group,Industrial,Mid-Market,Reunion
1215,"Morris, Peterson and Crane",Diagnostics,SMB,Slovenia
1216,Jimenez-Hernandez,Life Sciences,Mid-Market,Marshall Islands
1217,Mclaughlin-Mitchell,Life Sciences,Mid-Market,Saint Lucia
1218,"Henderson, Alvarado and Blair",Pharma,Enterprise,Singapore
1219,Holloway PLC,Diagnostics,Mid-Market,Jersey
1220,Walker-Moore,Environmental,SMB,China
1221,Johnson-Cervantes,Life Sciences,Mid-Market,Jamaica
1222,Chase Inc,Pharma,Mid-Market,Mayotte
1223,Hancock Group,Environmental,Mid-Market,Turkey
1224,"Walker, Hernandez and Anderson",Industrial,Mid-Market,Sierra Leone
1225,Taylor-Jackson,Pharma,Mid-Market,Guatemala
1226,Clark-King,Life Sciences,Mid-Market,Australia
1227,"Frye, Pope and Carter",Environmental,Enterprise,Cambodia
1228,Thompson-Patterson,Life Sciences,SMB,Canada
1229,Gilmore PLC,Pharma,Mid-Market,French Guiana
1230,Wagner-Smith,Diagnostics,Mid-Market,Swaziland
1231,Good-Hansen,Life Sciences,Mid-Market,China
1232,"Bernard, James and Warren",Pharma,Mid-Market,Austria
1233,Miller Group,Life Sciences,Mid-Market,Bangladesh
1234,"Fry, Norris and Kent",Environmental,Enterprise,Ghana
1235,"Palmer, Huffman and Riley",Life Sciences,SMB,Burundi
1236,Thomas LLC,Environmental,Enterprise,Oman
1237,"Lane, Williams and Shields",Environmental,Enterprise,Cuba
1238,"Fitzpatrick, White and Garcia",Pharma,Enterprise,Ireland
1239,Sharp PLC,Industrial,Mid-Market,Sweden
1240,Morris-Rogers,Pharma,SMB,Mozambique
1241,"Wood, Young and Smith",Industrial,SMB,Syrian Arab Republic
1242,"Jones, Robertson and Snyder",Life Sciences,SMB,Estonia
1243,Robinson-Mcintosh,Industrial,SMB,Bahrain
1244,"Powell, Garrett and Carey",Life Sciences,SMB,Tajikistan
1245,Johnson-Reilly,Pharma,SMB,Taiwan
1246,Smith Ltd,Life Sciences,SMB,Cocos (Keeling) Islands
1247,Smith-Walker,Diagnostics,SMB,Cocos (Keeling) Islands
1248,"Miller, Thompson and Huerta",Industrial,Mid-Market,Belgium
1249,Miller-Smith,Industrial,Mid-Market,Mozambique
1250,Riddle LLC,Environmental,Mid-Market,Djibouti
1251,"Ramsey, Montes and Snyder",Industrial,Mid-Market,Congo
1252,White-Silva,Industrial,SMB,Anguilla
1253,Flynn-Lawrence,Life Sciences,Enterprise,Lithuania
1254,Buchanan and Sons,Pharma,SMB,Honduras
1255,Evans LLC,Diagnostics,SMB,Malaysia
1256,"Short, Eaton and Jones",Pharma,SMB,Sao Tome and Principe
1257,Morris Inc,Diagnostics,Enterprise,Cuba
1258,Colon PLC,Life Sciences,Enterprise,Iraq
1259,Wilson-Potts,Industrial,SMB,Nigeria
1260,Jenkins Group,Environmental,Enterprise,Svalbard & Jan Mayen Islands
1261,Hartman and Sons,Pharma,SMB,Ecuador
1262,Weber-Wilson,Diagnostics,Enterprise,Kiribati
1263,Dyer Inc,Industrial,Enterprise,Guadeloupe
1264,"Wilson, Cummings and Gutierrez",Life Sciences,Mid-Market,British Indian Ocean Territory (Chagos Archipelago)
1265,"Castillo, Johnson and Le",Diagnostics,Enterprise,Jordan
1266,"Holt, Pacheco and Gamble",Life Sciences,SMB,Tajikistan
1267,Walker Group,Life Sciences,Mid-Market,United States Virgin Islands
1268,Martin-Chambers,Life Sciences,SMB,Panama
1269,Meyer-Stevens,Pharma,Enterprise,Sri Lanka
1270,Ellis Ltd,Diagnostics,SMB,Sudan
1271,"Moran, Watkins and Johnson",Pharma,Mid-Market,Togo
1272,Andrews LLC,Pharma,Mid-Market,Afghanistan
1273,Holmes-Bush,Industrial,SMB,Uzbekistan
1274,Snyder-Carroll,Environmental,Mid-Market,Sao Tome and Principe
1275,"Petty, Johnson and Moon",Industrial,Mid-Market,Angola
1276,Jackson Ltd,Environmental,SMB,Saint Barthelemy
1277,Carr and Sons,Diagnostics,Mid-Market,Dominica
1278,Chung Group,Industrial,Mid-Market,Qatar
1279,Gutierrez Ltd,Diagnostics,Mid-Market,Guyana
1280,Duffy and Sons,Pharma,Enterprise,Latvia
1281,"Ortiz, Jimenez and Obrien",Pharma,SMB,Vanuatu
1282,Hopkins-Wilson,Life Sciences,SMB,United Arab Emirates
1283,"Spencer, Vargas and Glenn",Environmental,SMB,Lao People's Democratic Republic
1284,"Brady, Norris and Baldwin",Industrial,Enterprise,French Guiana
1285,Phillips-Roberts,Environmental,Mid-Market,Ghana
1286,"Dunlap, Ross and Soto",Environmental,Mid-Market,Saint Helena
1287,"Oneill, Holland and Robinson",Life Sciences,Mid-Market,Mozambique
1288,Smith PLC,Pharma,Enterprise,Mayotte
1289,"Walker, Curry and Lee",Industrial,Mid-Market,Wallis and Futuna
1290,Yu-Stephens,Life Sciences,Mid-Market,Moldova
1291,Frye Group,Life Sciences,Enterprise,Lebanon
1292,Singh-Thompson,Pharma,Enterprise,United States Virgin Islands
1293,Holden-Alvarez,Environmental,Mid-Market,Fiji
1294,"Cooley, Black and Harvey",Pharma,Mid-Market,Turks and Caicos Islands
1295,"Romero, Holloway and Rice",Environmental,Mid-Market,Ethiopia
1296,Evans-Bishop,Environmental,Mid-Market,Libyan Arab Jamahiriya
1297,Holt LLC,Diagnostics,Mid-Market,South Georgia and the South Sandwich Islands
1298,"Branch, Oliver and Romero",Environmental,Mid-Market,Canada
1299,"Brock, Smith and Wilson",Pharma,Enterprise,Norway
1300,"Wilson, Adams and Salinas",Pharma,Mid-Market,Bangladesh
1301,Castaneda PLC,Pharma,SMB,Saint Martin
1302,"Wallace, Waller and Myers",Pharma,SMB,Suriname
1303,"Aguilar, Hopkins and Hickman",Industrial,Mid-Market,Romania
1304,Coleman Ltd,Life Sciences,SMB,Equatorial Guinea
1305,Hernandez-Mcfarland,Pharma,SMB,Nigeria
1306,"Raymond, Watson and Martinez",Industrial,SMB,Cape Verde
1307,"Diaz, Ware and Phillips",Industrial,Enterprise,Chad
1308,Rivera-Heath,Life Sciences,SMB,Pakistan
1309,"Shelton, Richards and Hill",Diagnostics,Mid-Market,Liberia
1310,"Garcia, Simon and Miller",Pharma,Enterprise,Sri Lanka
1311,"Anderson, Andrews and Hall",Environmental,SMB,Ethiopia
1312,King-Little,Diagnostics,Mid-Market,Netherlands
1313,Vargas Group,Environmental,Mid-Market,Cambodia
1314,Colon PLC,Pharma,Enterprise,Belarus
1315,"Mcdaniel, Roberts and Barnes",Industrial,Mid-Market,Saint Kitts and Nevis
1316,Fitzpatrick Group,Environmental,Mid-Market,Yemen
1317,Lee Ltd,Environmental,Mid-Market,Guyana
1318,Lozano Inc,Pharma,Enterprise,Syrian Arab Republic
1319,Berry PLC,Diagnostics,Mid-Market,Faroe Islands
1320,Davis-Morris,Environmental,Mid-Market,Gibraltar
1321,Smith-Campbell,Environmental,SMB,Iran
1322,Clark Inc,Life Sciences,SMB,Slovakia (Slovak Republic)
1323,Fox Inc,Environmental,SMB,United States Minor Outlying Islands
1324,"Kramer, Smith and Collins",Pharma,Mid-Market,Belgium
1325,"Wilson, Lowe and Hernandez",Pharma,Enterprise,Albania
1326,"Rivera, Williams and Ramos",Industrial,Mid-Market,Micronesia
1327,Myers-Curtis,Environmental,SMB,Dominica
1328,"Grant, Taylor and Baker",Environmental,SMB,Bhutan
1329,Baker-Ramos,Industrial,Mid-Market,Gibraltar
1330,Cochran Ltd,Environmental,Enterprise,Pitcairn Islands
1331,Carlson-Lester,Pharma,Mid-Market,Serbia
1332,Jones-Rodgers,Industrial,SMB,Mongolia
1333,Hayes LLC,Diagnostics,Mid-Market,Venezuela
1334,Ball-Nichols,Life Sciences,SMB,British Virgin Islands
1335,Swanson-Morris,Diagnostics,SMB,Belarus
1336,Sanders LLC,Industrial,SMB,Denmark
1337,Montgomery Ltd,Diagnostics,SMB,Uruguay
1338,Leach Group,Environmental,Mid-Market,Nauru
1339,Patterson Ltd,Environmental,Mid-Market,Malawi
1340,Montgomery-Simpson,Life Sciences,Mid-Market,Romania
1341,Mcmahon and Sons,Life Sciences,Mid-Market,Togo
1342,Cook PLC,Environmental,SMB,Puerto Rico
1343,"Rodriguez, Ballard and King",Environmental,Mid-Market,Switzerland
1344,Jones Ltd,Industrial,SMB,Mauritius
1345,Payne and Sons,Environmental,SMB,Korea
1346,Rivera Group,Life Sciences,Mid-Market,Holy See (Vatican City State)
1347,Nelson-Munoz,Pharma,Enterprise,Netherlands Antilles
1348,"Harris, Diaz and Jackson",Life Sciences,Mid-Market,Serbia
1349,Moore LLC,Environmental,Mid-Market,India
1350,"Stevens, Novak and Sims",Environmental,Mid-Market,Korea
1351,Johnson Group,Pharma,Mid-Market,Saint Pierre and Miquelon
1352,"Harris, Warner and Rodriguez",Pharma,SMB,Japan
1353,"Bennett, Jackson and Shaffer",Diagnostics,SMB,Solomon Islands
1354,"Blanchard, Martinez and Graham",Pharma,Mid-Market,Sierra Leone
1355,Bonilla-Mayo,Environmental,Enterprise,Swaziland
1356,Foster LLC,Diagnostics,SMB,Greenland
1357,Price PLC,Pharma,SMB,Netherlands Antilles
1358,"Oliver, Nunez and Montoya",Diagnostics,Mid-Market,Montenegro
1359,"Evans, Cook and Duarte",Environmental,Mid-Market,Slovenia
1360,Martinez Group,Life Sciences,Mid-Market,New Caledonia
1361,Perez-Smith,Environmental,SMB,Vanuatu
1362,"Spence, Brown and Williams",Diagnostics,SMB,Egypt
1363,"Banks, Adams and Ortiz",Environmental,SMB,Cook Islands
1364,Martin-Bird,Life Sciences,SMB,United Kingdom
1365,"Estrada, Rowland and Graves",Pharma,SMB,Costa Rica
1366,Tanner Group,Pharma,Enterprise,Mauritius
1367,Johnson LLC,Life Sciences,SMB,Saint Barthelemy
1368,"Castro, Hamilton and Johnson",Industrial,SMB,Holy See (Vatican City State)
1369,"Baird, Steele and Mcgee",Life Sciences,SMB,Greenland
1370,"Clark, Hoffman and Carey",Industrial,SMB,Bosnia and Herzegovina
1371,Horn LLC,Environmental,Mid-Market,Italy
1372,"Larson, Harrison and Simmons",Environmental,Mid-Market,Bahamas
1373,Gray-Moses,Pharma,SMB,French Southern Territories
1374,Pena Inc,Diagnostics,SMB,Antigua and Barbuda
1375,"Roberts, Conner and Walker",Environmental,Enterprise,Pitcairn Islands
1376,Miller-Cohen,Diagnostics,Mid-Market,Kiribati
1377,Jones PLC,Diagnostics,Enterprise,Brazil
1378,Perez Inc,Industrial,SMB,Gabon
1379,"Weaver, Rodriguez and Kidd",Diagnostics,Enterprise,Cayman Islands
1380,Lindsey-Richardson,Industrial,Mid-Market,Korea
1381,"Roberts, Perkins and Stephens",Environmental,SMB,Monaco
1382,Gonzalez-West,Environmental,SMB,Lao People's Democratic Republic
1383,Hill PLC,Pharma,Enterprise,Mozambique
1384,"Moore, Sellers and Gonzalez",Life Sciences,SMB,Niue
1385,Christian-Padilla,Pharma,SMB,Seychelles
1386,Jackson-Fisher,Environmental,Enterprise,Sudan
1387,Hernandez-Lawrence,Life Sciences,Mid-Market,United Arab Emirates
1388,Phillips Group,Life Sciences,SMB,Bahrain
1389,Kennedy LLC,Diagnostics,SMB,Pakistan
1390,White-Mathews,Industrial,Mid-Market,Sri Lanka
1391,Kelly-Booker,Diagnostics,SMB,Uruguay
1392,"Edwards, Frost and Thomas",Industrial,Mid-Market,Reunion
1393,Green Group,Pharma,Mid-Market,Ecuador
1394,Roberson-Brown,Industrial,SMB,Greenland
1395,"Johnson, Mcgee and Anderson",Diagnostics,Enterprise,Cuba
1396,Weber-Mcintyre,Diagnostics,Mid-Market,Belize
1397,Bond and Sons,Diagnostics,Enterprise,Liechtenstein
1398,"Brown, Robinson and Ross",Life Sciences,SMB,Bolivia
1399,Nichols-Anderson,Life Sciences,SMB,Vietnam
1400,Harris-Howard,Diagnostics,Enterprise,United Arab Emirates
1401,Johnston and Sons,Diagnostics,SMB,Chile
1402,Mcguire-Moore,Life Sciences,Mid-Market,Nigeria
1403,"Wheeler, Benson and Smith",Diagnostics,Enterprise,Andorra
1404,"James, Burgess and Schmidt",Pharma,Mid-Market,Guatemala
1405,"Bullock, Taylor and Elliott",Pharma,SMB,Reunion
1406,Oliver PLC,Life Sciences,SMB,Micronesia
1407,Cook-Jackson,Environmental,Mid-Market,Bolivia
1408,"Lopez, Ward and Garcia",Diagnostics,Mid-Market,Portugal
1409,Farley-Warren,Industrial,Mid-Market,Vietnam
1410,"Ellis, Bishop and Mason",Environmental,SMB,United States Minor Outlying Islands
1411,"Wallace, Kelley and Reynolds",Life Sciences,Mid-Market,United States Minor Outlying Islands
1412,Perry Ltd,Industrial,Mid-Market,Ireland
1413,Nichols-Herrera,Life Sciences,SMB,Cuba
1414,"Evans, Moses and Schneider",Diagnostics,SMB,Ukraine
1415,Bird-Hall,Industrial,Mid-Market,Reunion
1416,Crosby LLC,Diagnostics,SMB,Rwanda
1417,Carr and Sons,Pharma,Enterprise,Saint Martin
1418,Soto and Sons,Pharma,SMB,Netherlands
1419,"Campbell, Cook and Davis",Industrial,Enterprise,United States Virgin Islands
1420,Schmidt Group,Industrial,Enterprise,Bahrain
1421,Young Inc,Life Sciences,SMB,Mauritania
1422,"Henry, Peterson and Andrews",Environmental,Enterprise,Saint Pierre and Miquelon
1423,"Howard, Buckley and Davis",Pharma,SMB,Hong Kong
1424,Johnson-Martin,Pharma,Enterprise,Vanuatu
1425,"Higgins, Miller and Beck",Industrial,Mid-Market,Christmas Island
1426,"Henderson, Marquez and Lane",Environmental,SMB,Thailand
1427,"Jenkins, Smith and Martinez",Diagnostics,Mid-Market,Vietnam
1428,Wolf and Sons,Environmental,SMB,Trinidad and Tobago
1429,"Lopez, Jackson and Morgan",Industrial,Mid-Market,Brazil
1430,"Adams, Smith and Short",Pharma,SMB,New Caledonia
1431,"Davis, Walton and Wagner",Pharma,Mid-Market,Italy
1432,Herrera-Smith,Diagnostics,Mid-Market,Russian Federation
1433,"Johnson, Brown and Arnold",Life Sciences,Mid-Market,Comoros
1434,Harris LLC,Life Sciences,SMB,Guinea-Bissau
1435,Cherry Inc,Pharma,SMB,Tokelau
1436,"Simpson, Roberts and Adams",Life Sciences,Enterprise,Grenada
1437,Weaver Inc,Industrial,Enterprise,Montenegro
1438,"Jones, Jensen and Wolfe",Industrial,SMB,Cape Verde
1439,"Singh, Russell and Hansen",Industrial,SMB,Puerto Rico
1440,Smith and Sons,Life Sciences,Mid-Market,Palau
1441,Valdez-King,Industrial,SMB,Chad
1442,"Jefferson, Garcia and Lawrence",Pharma,Enterprise,Israel
1443,Robinson-Cruz,Diagnostics,Enterprise,Bahamas
1444,Dixon Inc,Pharma,Mid-Market,Holy See (Vatican City State)
1445,"Oneal, Kemp and Jenkins",Pharma,SMB,San Marino
1446,"Ford, Russell and Schultz",Diagnostics,Mid-Market,Sudan
1447,"Watkins, Pruitt and Baldwin",Industrial,Enterprise,Jamaica
1448,"Scott, Evans and Mendoza",Environmental,SMB,Guinea
1449,Acosta Inc,Life Sciences,Mid-Market,Tuvalu
1450,Rodriguez Ltd,Industrial,SMB,Sierra Leone
1451,"Green, Welch and Moore",Environmental,Enterprise,Morocco
1452,"Bishop, Briggs and Munoz",Diagnostics,SMB,Greece
1453,Black-Nelson,Life Sciences,Mid-Market,Switzerland
1454,Jones-Jordan,Industrial,Mid-Market,Syrian Arab Republic
1455,"Carroll, Kirk and Ramirez",Life Sciences,Mid-Market,Iran
1456,Goodman-Gonzalez,Diagnostics,Mid-Market,Iran
1457,Mcdonald-Houston,Pharma,SMB,Timor-Leste
1458,"Anderson, Walls and Beasley",Life Sciences,Enterprise,Saint Barthelemy
1459,Lopez and Sons,Pharma,Enterprise,Romania
1460,"Curtis, Phillips and Cruz",Diagnostics,Mid-Market,Kyrgyz Republic
1461,Sanders Ltd,Life Sciences,Mid-Market,Malawi
1462,Spencer-Stanley,Environmental,Mid-Market,Saint Helena
1463,Bowman-Williams,Pharma,SMB,Tokelau
1464,Christian-Barber,Environmental,SMB,Guinea
1465,Shields Inc,Environmental,Enterprise,Mali
1466,"Payne, Mendoza and Hamilton",Life Sciences,SMB,Mexico
1467,"Miller, Freeman and Allison",Pharma,Mid-Market,Uganda
1468,Washington PLC,Industrial,Mid-Market,Niue
1469,Austin-Flynn,Pharma,SMB,United States Minor Outlying Islands
1470,Frank and Sons,Diagnostics,Mid-Market,Svalbard & Jan Mayen Islands
1471,Anderson Inc,Pharma,SMB,South Georgia and the South Sandwich Islands
1472,"Jones, Smith and Wright",Industrial,SMB,El Salvador
1473,"Pitts, Mahoney and Nguyen",Diagnostics,Enterprise,Western Sahara
1474,Turner-Kaiser,Pharma,SMB,Portugal
1475,"Cline, Hernandez and Green",Industrial,Mid-Market,Mayotte
1476,"Moore, Parks and Atkins",Industrial,Mid-Market,Taiwan
1477,"Williams, Thomas and Simmons",Life Sciences,SMB,Kenya
1478,Cain LLC,Industrial,Mid-Market,Moldova
1479,Merritt Inc,Life Sciences,SMB,Serbia
1480,Barrera Inc,Diagnostics,SMB,Svalbard & Jan Mayen Islands
1481,Jimenez-Dean,Environmental,Mid-Market,Russian Federation
1482,Chavez-Zamora,Pharma,Enterprise,Antigua and Barbuda
1483,Evans and Sons,Industrial,Mid-Market,Niger
1484,"Sanders, Russell and Jones",Industrial,Mid-Market,Micronesia
1485,Nguyen-Hansen,Life Sciences,SMB,Grenada
1486,"Winters, Hansen and Dixon",Industrial,Mid-Market,Venezuela
1487,Francis-Beltran,Industrial,Mid-Market,Luxembourg
1488,"Barrera, Wheeler and Taylor",Life Sciences,Mid-Market,Montenegro
1489,"Juarez, Meyer and Bryan",Diagnostics,SMB,Reunion
1490,Hernandez-Diaz,Pharma,Enterprise,French Polynesia
1491,Madden-Montgomery,Life Sciences,Mid-Market,Saudi Arabia
1492,Kennedy-Warren,Life Sciences,Mid-Market,Togo
1493,Smith-Rubio,Environmental,SMB,Mozambique
1494,"Schmidt, Lawrence and Morris",Pharma,SMB,Ecuador
1495,Richards-Wiley,Pharma,SMB,Brazil
1496,Mullins LLC,Diagnostics,SMB,Belarus
1497,"Webb, Riley and Walters",Pharma,Mid-Market,Lebanon
1498,"Martin, Thomas and Mccoy",Environmental,Mid-Market,Kyrgyz Republic
1499,Hess-James,Pharma,Enterprise,Philippines
1500,"Hodge, Berg and Allen",Pharma,Mid-Market,Mexico
647,"Figueroa, Mccullough and Wilson",Life Sciences,SMB,Iran
225,Mcintosh-Hunt,Life Sciences,SMB,Ethiopia
41,Anderson-Armstrong,Pharma,Enterprise,Micronesia
1038,"Harris, Hall and Hall",Environmental,Mid-Market,Suriname
741,Horn Inc,Life Sciences,Enterprise,Namibia
1350,"Stevens, Novak and Sims",Environmental,Mid-Market,Korea
198,Henderson-Mitchell,Environmental,Enterprise,Lesotho
1326,"Rivera, Williams and Ramos",Industrial,Mid-Market,Micronesia
854,"Kelly, Moreno and Brown",Industrial,SMB,Rwanda
243,Pena-Mcconnell,Pharma,SMB,Saudi Arabia
248,Nelson Group,Life Sciences,Mid-Market,Serbia
590,Roberts-Jennings,Pharma,Enterprise,Jordan
531,Parks LLC,Diagnostics,SMB,Saint Pierre and Miquelon
33,Huynh Inc,Diagnostics,Mid-Market,Egypt
1314,Colon PLC,Pharma,Enterprise,Belarus
326,Nichols-Burgess,Environmental,Mid-Market,Reunion
948,Fowler Group,Diagnostics,SMB,Brazil
1173,Williams-Sanchez,Environmental,Enterprise,Sudan
908,Pearson PLC,Pharma,Mid-Market,Gabon
1153,Daugherty-Alvarez,Environmental,SMB,Antarctica (the territory South of 60 deg S)
1123,Kim-Wilson,Industrial,Enterprise,Bahrain
1002,Riddle-Davis,Life Sciences,Mid-Market,Norway
12,Calhoun-Booth,Industrial,SMB,Algeria
900,Evans-Reeves,Industrial,Mid-Market,Gambia
1421,Young Inc,Life Sciences,SMB,Mauritania
845,Baxter-Hammond,Diagnostics,Mid-Market,Malta
768,Shelton-Mooney,Diagnostics,Enterprise,Niger
259,Adams-Hale,Industrial,SMB,Saint Pierre and Miquelon
698,Herrera Inc,Industrial,SMB,Antarctica (the territory South of 60 deg S)
9,"Simmons, Morgan and Hall",Industrial,SMB,Bolivia
1155,King-Garcia,Life Sciences,SMB,Liechtenstein
291,Mcgee Inc,Pharma,SMB,Sierra Leone
1419,"Campbell, Cook and Davis",Industrial,Enterprise,United States Virgin Islands
885,Dennis-Mayer,Environmental,SMB,Macao
134,Flores-Baxter,Life Sciences,Mid-Market,Japan
1049,Ross LLC,Pharma,Mid-Market,Afghanistan
1107,Bush-Kelly,Environmental,SMB,Guyana
956,"Reyes, Wilkins and Lane",Life Sciences,Enterprise,Japan
689,Smith Ltd,Environmental,SMB,Cote d'Ivoire
293,Young Group,Life Sciences,SMB,Canada
159,"Butler, Frey and Barr",Life Sciences,Enterprise,French Southern Territories
503,Martinez Group,Life Sciences,SMB,South Georgia and the South Sandwich Islands
410,Caldwell PLC,Pharma,Mid-Market,Solomon Islands
280,"Russo, Craig and Torres",Environmental,SMB,Bulgaria
16,"Edwards, Contreras and Gross",Life Sciences,Mid-Market,Oman
